{"type":"FeatureCollection","features":[{"type":"Feature","properties":{"id":3391,"name":"王四营气氢合建示范站","price":30,"guns":4,"idle":3,"using":1,"open":"09:00-21:00","pressure":"35MPA","useType":1,"status":1,"score":"5.0分"},"geometry":{"type":"Point","coordinates":[116.530485,39.868174]}},{"type":"Feature","properties":{"id":2823,"name":"朝阳王四营加氢站","price":30,"guns":1,"idle":1,"using":0,"open":"08:00-20:00","pressure":"35MPA","useType":1,"status":1,"score":"5.0分"},"geometry":{"type":"Point","coordinates":[116.536775,39.874473]}},{"type":"Feature","properties":{"id":3107,"name":"隆盛达沙坪加油加气加氢充电站","price":32,"guns":1,"idle":1,"using":0,"open":"-","pressure":"35MPA","useType":1,"status":1,"score":"5.0分"},"geometry":{"type":"Point","coordinates":[116.294687,39.779788]}},{"type":"Feature","properties":{"id":2829,"name":"中国石化通州区腾达油氢合建站","price":30,"guns":1,"idle":1,"using":0,"open":"00:00-23:59","pressure":"35MPA","useType":1,"status":1,"score":"5.0分"},"geometry":{"type":"Point","coordinates":[116.617423,39.855323]}},{"type":"Feature","properties":{"id":122,"name":"中国石油大兴时顺苑油氢站","price":30,"guns":4,"idle":3,"using":1,"open":"00:00-23:59","pressure":"35MPA","useType":1,"status":1,"score":"5.0分"},"geometry":{"type":"Point","coordinates":[116.372301,39.727307]}},{"type":"Feature","properties":{"id":2828,"name":"首发能源通州马驹桥综合能源补给站","price":30,"guns":2,"idle":2,"using":0,"open":"00:00-23:59","pressure":"35MPA","useType":1,"status":1,"score":"5.0分"},"geometry":{"type":"Point","coordinates":[116.568604,39.765667]}},{"type":"Feature","properties":{"id":3395,"name":"中国石化销售股份有限公司北京通州腾达加油站-管理员","price":30,"guns":2,"idle":1,"using":1,"open":"00:00-23:59","pressure":"35MPA","useType":1,"status":1,"score":"5.0分"},"geometry":{"type":"Point","coordinates":[116.610989,39.849269]}},{"type":"Feature","properties":{"id":638,"name":"北京首发路网京津塘高速公路加油站有限公司第一分公司","price":30,"guns":4,"idle":3,"using":1,"open":"08:00-17:00","pressure":"35MPA 70MPA","useType":1,"status":1,"score":"5.0分"},"geometry":{"type":"Point","coordinates":[116.562689,39.761244]}},{"type":"Feature","properties":{"id":169,"name":"亿华通永丰加氢站","price":30,"guns":3,"idle":3,"using":0,"open":"08:00-08:00","pressure":"35MPA","useType":1,"status":1,"score":"5.0分"},"geometry":{"type":"Point","coordinates":[116.253193,40.089797]}},{"type":"Feature","properties":{"id":193,"name":"中国石化北京大兴青云店油氢站","price":30,"guns":1,"idle":1,"using":0,"open":"08:00-17:00","pressure":"35MPA","useType":1,"status":1,"score":"5.0分"},"geometry":{"type":"Point","coordinates":[116.518089,39.686657]}},{"type":"Feature","properties":{"id":81,"name":"中国石油福田加氢站","price":30,"guns":2,"idle":1,"using":1,"open":"08:00-20:00","pressure":"35MPA","useType":1,"status":1,"score":"5.0分"},"geometry":{"type":"Point","coordinates":[116.266594,40.132838]}},{"type":"Feature","properties":{"id":3421,"name":"中国石油天然气股份有限公司北京通州通宫加油站","price":30,"guns":2,"idle":2,"using":0,"open":"08:00-20:00","pressure":"35MPA","useType":1,"status":1,"score":"5.0分"},"geometry":{"type":"Point","coordinates":[116.678116,40.014307]}},{"type":"Feature","properties":{"id":58,"name":"海珀尔加氢站（大兴氢能示范区加氢示范站）","price":30,"guns":8,"idle":8,"using":0,"open":"00:00-23:59","pressure":"35MPA","useType":1,"status":1,"score":"5.0分"},"geometry":{"type":"Point","coordinates":[116.361555,39.67717]}},{"type":"Feature","properties":{"id":209,"name":"中国石化北京大兴安固油氢合建站","price":30,"guns":2,"idle":2,"using":0,"open":"00:00-23:00","pressure":"35MPA","useType":1,"status":1,"score":"5.0分"},"geometry":{"type":"Point","coordinates":[116.490836,39.627647]}},{"type":"Feature","properties":{"id":3398,"name":"中国石化销售股份有限公司北京昌平西关加油站","price":30,"guns":4,"idle":4,"using":0,"open":"00:00-23:59","pressure":"35MPA","useType":1,"status":1,"score":"5.0分"},"geometry":{"type":"Point","coordinates":[116.218213,40.216754]}},{"type":"Feature","properties":{"id":2822,"name":"昌平西关油氢一体站","price":30,"guns":2,"idle":2,"using":0,"open":"00:00-23:59","pressure":"35MPA","useType":1,"status":1,"score":"5.0分"},"geometry":{"type":"Point","coordinates":[116.224881,40.222432]}},{"type":"Feature","properties":{"id":3392,"name":"中国石油天然气股份有限公司北京大兴鑫世恒通加油站","price":30,"guns":3,"idle":2,"using":1,"open":"08:00-20:00","pressure":"35MPA","useType":1,"status":1,"score":"5.0分"},"geometry":{"type":"Point","coordinates":[116.32806,39.606556]}},{"type":"Feature","properties":{"id":2826,"name":"环宇京辉窦店加氢站","price":45,"guns":1,"idle":1,"using":0,"open":"-","pressure":"35MPA","useType":1,"status":1,"score":"5.0分"},"geometry":{"type":"Point","coordinates":[116.088758,39.647743]}},{"type":"Feature","properties":{"id":80,"name":"北京房山环宇京辉加氢站","price":30,"guns":2,"idle":2,"using":0,"open":"08:00-17:00","pressure":"35MPA","useType":0,"status":1,"score":"5.0分"},"geometry":{"type":"Point","coordinates":[116.001766,39.749778]}},{"type":"Feature","properties":{"id":3399,"name":"中国石化销售股份有限公司北京储运加油站","price":30,"guns":3,"idle":3,"using":0,"open":"00:00-23:59","pressure":"35MPA 70MPA","useType":1,"status":1,"score":"5.0分"},"geometry":{"type":"Point","coordinates":[115.981429,39.743591]}},{"type":"Feature","properties":{"id":2827,"name":"燕山石化氢能叉车加注示范站","price":30,"guns":1,"idle":1,"using":0,"open":"-","pressure":"35MPA","useType":0,"status":1,"score":"5.0分"},"geometry":{"type":"Point","coordinates":[115.959181,39.729262]}},{"type":"Feature","properties":{"id":2825,"name":"燕山工业区环宇京辉加氢站（氢能产业园加氢站）","price":30,"guns":1,"idle":1,"using":0,"open":"-","pressure":"35MPA","useType":1,"status":1,"score":"5.0分"},"geometry":{"type":"Point","coordinates":[115.9641,39.726725]}},{"type":"Feature","properties":{"id":3400,"name":"燕化加氢站","price":26,"guns":2,"idle":2,"using":0,"open":"08:00-17:00","pressure":"35MPA","useType":1,"status":1,"score":"5.0分"},"geometry":{"type":"Point","coordinates":[115.956547,39.730095]}},{"type":"Feature","properties":{"id":2824,"name":"十一科技汽车加氢站","price":30,"guns":2,"idle":2,"using":0,"open":"-","pressure":"35MPA","useType":0,"status":1,"score":"5.0分"},"geometry":{"type":"Point","coordinates":[116.48979,39.565597]}},{"type":"Feature","properties":{"id":3106,"name":"银燕加氢站","price":null,"guns":2,"idle":2,"using":0,"open":"-","pressure":"35MPA","useType":0,"status":1,"score":"5.0分"},"geometry":{"type":"Point","coordinates":[116.594462,40.364316]}},{"type":"Feature","properties":{"id":60,"name":"国家电投中关村延庆园加氢站","price":30,"guns":4,"idle":4,"using":0,"open":"07:00-23:00","pressure":"35MPA 70MPA","useType":0,"status":0,"score":"5.0分"},"geometry":{"type":"Point","coordinates":[115.927481,40.371152]}},{"type":"Feature","properties":{"id":73,"name":"中国石化燕化兴隆油氢合建站","price":30,"guns":2,"idle":2,"using":0,"open":"00:00-23:58","pressure":"35MPA","useType":1,"status":0,"score":"5.0分"},"geometry":{"type":"Point","coordinates":[116.058185,40.452624]}},{"type":"Feature","properties":{"id":76,"name":"中国石化公交王泉营加氢站","price":30,"guns":4,"idle":3,"using":1,"open":"00:00-23:59","pressure":"70MPA","useType":0,"status":0,"score":"5.0分"},"geometry":{"type":"Point","coordinates":[116.018176,40.473705]}},{"type":"Feature","properties":{"id":77,"name":"中国石化庆园街加氢站","price":30,"guns":4,"idle":3,"using":1,"open":"00:00-23:59","pressure":"35MPA 70MPA","useType":0,"status":0,"score":"5.0分"},"geometry":{"type":"Point","coordinates":[116.002006,40.479521]}},{"type":"Feature","properties":{"id":79,"name":"中国石油北京延庆金龙综合能源服务站","price":30,"guns":3,"idle":3,"using":0,"open":"00:00-23:59","pressure":"35MPA 70MPA","useType":1,"status":1,"score":"5.0分"},"geometry":{"type":"Point","coordinates":[116.001527,40.499197]}},{"type":"Feature","properties":{"id":90,"name":"“容易线”驿站综合能源站","price":35,"guns":2,"idle":2,"using":0,"open":"08:00-23:59","pressure":"35MPA","useType":1,"status":1,"score":"5.0分"},"geometry":{"type":"Point","coordinates":[115.730651,39.099818]}},{"type":"Feature","properties":{"id":137,"name":"空港西十四道综合加能站","price":39,"guns":2,"idle":2,"using":0,"open":"01:00-23:59","pressure":"35MPA","useType":1,"status":1,"score":"5.0分"},"geometry":{"type":"Point","coordinates":[117.42003,39.117992]}},{"type":"Feature","properties":{"id":2908,"name":"任丘加氢站","price":32,"guns":2,"idle":2,"using":0,"open":"-","pressure":"35MPA","useType":0,"status":1,"score":"5.0分"},"geometry":{"type":"Point","coordinates":[116.137737,38.738782]}},{"type":"Feature","properties":{"id":187,"name":"宁河天钢联合加氢站","price":32,"guns":2,"idle":2,"using":0,"open":"08:00-20:00","pressure":"35MPA","useType":0,"status":1,"score":"5.0分"},"geometry":{"type":"Point","coordinates":[117.804019,39.309067]}},{"type":"Feature","properties":{"id":110,"name":"天津市新天钢联合特钢有限公司撬装加氢站","price":32,"guns":1,"idle":1,"using":0,"open":"09:00-17:00","pressure":"35MPA","useType":0,"status":1,"score":"5.0分"},"geometry":{"type":"Point","coordinates":[117.804896,39.300028]}},{"type":"Feature","properties":{"id":189,"name":"东丽天钢加氢站","price":32,"guns":2,"idle":2,"using":0,"open":"08:00-20:00","pressure":"35MPA","useType":0,"status":1,"score":"5.0分"},"geometry":{"type":"Point","coordinates":[117.520286,39.036805]}},{"type":"Feature","properties":{"id":3101,"name":"中国汽车研发中心加氢站","price":null,"guns":1,"idle":1,"using":0,"open":"-","pressure":"35MPA","useType":0,"status":1,"score":"5.0分"},"geometry":{"type":"Point","coordinates":[117.513263,39.009146]}},{"type":"Feature","properties":{"id":93,"name":"旭阳加氢能源站（大王店站）","price":35,"guns":1,"idle":1,"using":0,"open":"08:00-08:00","pressure":"35MPA","useType":1,"status":1,"score":"5.0分"},"geometry":{"type":"Point","coordinates":[115.453671,39.018688]}},{"type":"Feature","properties":{"id":55,"name":"荣程新能（荣宝）加氢站","price":29,"guns":2,"idle":1,"using":1,"open":"00:00-23:59","pressure":"35MPA","useType":0,"status":1,"score":"5.0分"},"geometry":{"type":"Point","coordinates":[117.043795,38.848577]}},{"type":"Feature","properties":{"id":637,"name":"荣程新能源（源泰）加氢站","price":30,"guns":1,"idle":1,"using":0,"open":"00:00-23:59","pressure":"35MPA","useType":0,"status":1,"score":"5.0分"},"geometry":{"type":"Point","coordinates":[117.047977,38.851504]}},{"type":"Feature","properties":{"id":144,"name":"保定徐水区马亮营撬装式加氢站","price":35,"guns":1,"idle":1,"using":0,"open":"08:00-20:00","pressure":"35MPA","useType":1,"status":1,"score":"5.0分"},"geometry":{"type":"Point","coordinates":[115.474454,39.023817]}},{"type":"Feature","properties":{"id":78,"name":"天钢集团撬装加氢站","price":40,"guns":2,"idle":2,"using":0,"open":"09:00-14:00","pressure":"35MPA","useType":0,"status":1,"score":"5.0分"},"geometry":{"type":"Point","coordinates":[117.526307,39.025118]}},{"type":"Feature","properties":{"id":3,"name":"荣程华乾自用站","price":30,"guns":1,"idle":0,"using":1,"open":"00:00-23:59","pressure":"35MPA","useType":0,"status":1,"score":"5.0分"},"geometry":{"type":"Point","coordinates":[117.502397,38.975653]}},{"type":"Feature","properties":{"id":56,"name":"荣程新能（远程）加氢站","price":30,"guns":1,"idle":1,"using":0,"open":"00:00-23:59","pressure":"35MPA","useType":0,"status":1,"score":"5.0分"},"geometry":{"type":"Point","coordinates":[117.736002,39.048422]}},{"type":"Feature","properties":{"id":4,"name":"荣程油氢站","price":27,"guns":2,"idle":2,"using":0,"open":"00:00-23:59","pressure":"35MPA","useType":1,"status":1,"score":"5.0分"},"geometry":{"type":"Point","coordinates":[117.486085,38.966719]}},{"type":"Feature","properties":{"id":2,"name":"荣程装卸自用站","price":30,"guns":1,"idle":1,"using":0,"open":"00:00-23:59","pressure":"35MPA","useType":0,"status":1,"score":"5.0分"},"geometry":{"type":"Point","coordinates":[117.494765,38.966535]}},{"type":"Feature","properties":{"id":1,"name":"荣程众和能源自用加氢站","price":27,"guns":2,"idle":1,"using":1,"open":"00:00-23:59","pressure":"35MPA","useType":0,"status":1,"score":"5.0分"},"geometry":{"type":"Point","coordinates":[117.51685,38.973689]}},{"type":"Feature","properties":{"id":179,"name":"天津立本能源宁河联合特钢撬装加氢站","price":35,"guns":1,"idle":1,"using":0,"open":"07:00-23:59","pressure":"35MPA","useType":1,"status":1,"score":"5.0分"},"geometry":{"type":"Point","coordinates":[117.86926,39.339082]}},{"type":"Feature","properties":{"id":53,"name":"荣程新能乘用车加氢站","price":35,"guns":1,"idle":1,"using":0,"open":"00:00-23:59","pressure":"70MPA","useType":0,"status":1,"score":"5.0分"},"geometry":{"type":"Point","coordinates":[117.518505,38.975056]}},{"type":"Feature","properties":{"id":3441,"name":"荣程新能源（液氢）加氢站","price":0,"guns":1,"idle":1,"using":0,"open":"00:00-23:59","pressure":"35MPA","useType":0,"status":1,"score":"5.0分"},"geometry":{"type":"Point","coordinates":[117.518673,38.974738]}},{"type":"Feature","properties":{"id":3388,"name":"荣程众合乘用车加氢站","price":35,"guns":1,"idle":1,"using":0,"open":"08:00-23:59","pressure":"70MPA","useType":1,"status":1,"score":"5.0分"},"geometry":{"type":"Point","coordinates":[117.518313,38.974655]}},{"type":"Feature","properties":{"id":74,"name":"长城徐水撬装站","price":35,"guns":3,"idle":3,"using":0,"open":"08:00-18:00","pressure":"35MPA 70MPA","useType":1,"status":1,"score":"5.0分"},"geometry":{"type":"Point","coordinates":[115.479385,38.808454]}},{"type":"Feature","properties":{"id":198,"name":"蚂蚁物流园固定加氢站","price":35,"guns":2,"idle":2,"using":0,"open":"08:00-17:00","pressure":"35MPA","useType":0,"status":1,"score":"5.0分"},"geometry":{"type":"Point","coordinates":[115.429237,38.932871]}},{"type":"Feature","properties":{"id":3393,"name":"中石化瑞达（天津）能源科技有限公司渤海二十六路分公司","price":34.8,"guns":2,"idle":2,"using":0,"open":"00:00-23:59","pressure":"35MPA","useType":1,"status":1,"score":"5.0分"},"geometry":{"type":"Point","coordinates":[117.697613,39.017072]}},{"type":"Feature","properties":{"id":3407,"name":"中石化天津石化炼油部氢气充装母站","price":25,"guns":1,"idle":1,"using":0,"open":"08:00-20:00","pressure":"35MPA","useType":1,"status":1,"score":"5.0分"},"geometry":{"type":"Point","coordinates":[117.408535,38.826242]}},{"type":"Feature","properties":{"id":153,"name":"唐山市西外环唐山燃气加氢站","price":29,"guns":4,"idle":4,"using":0,"open":"00:00-23:59","pressure":"35MPA","useType":1,"status":1,"score":"5.0分"},"geometry":{"type":"Point","coordinates":[118.097522,39.616752]}},{"type":"Feature","properties":{"id":3099,"name":"炼油部加氢站","price":null,"guns":2,"idle":2,"using":0,"open":"-","pressure":"35MPA","useType":0,"status":1,"score":"5.0分"},"geometry":{"type":"Point","coordinates":[117.437145,38.834102]}},{"type":"Feature","properties":{"id":643,"name":"保定市氢能源环卫车辆加氢站","price":35,"guns":5,"idle":5,"using":0,"open":"07:00-18:59","pressure":"35MPA","useType":1,"status":1,"score":"5.0分"},"geometry":{"type":"Point","coordinates":[115.393918,38.848195]}},{"type":"Feature","properties":{"id":51,"name":"荣程临港加氢站","price":35,"guns":1,"idle":0,"using":1,"open":"00:00-23:59","pressure":"35MPA","useType":0,"status":1,"score":"5.0分"},"geometry":{"type":"Point","coordinates":[117.710471,38.936487]}},{"type":"Feature","properties":{"id":3390,"name":"天津新源氢能加氢站","price":26.5,"guns":1,"idle":1,"using":0,"open":"00:00-23:59","pressure":"35MPA","useType":1,"status":1,"score":"5.0分"},"geometry":{"type":"Point","coordinates":[117.707263,38.932805]}},{"type":"Feature","properties":{"id":171,"name":"天津氢欣能源科技有限公司自用加氢站","price":1,"guns":2,"idle":2,"using":0,"open":"09:00-17:00","pressure":"35MPA","useType":0,"status":1,"score":"5.0分"},"geometry":{"type":"Point","coordinates":[117.701905,38.924058]}},{"type":"Feature","properties":{"id":75,"name":"新氢动力500KG加氢站","price":115,"guns":2,"idle":2,"using":0,"open":"08:30-17:30","pressure":"35MPA","useType":0,"status":1,"score":"5.0分"},"geometry":{"type":"Point","coordinates":[117.692653,38.906116]}},{"type":"Feature","properties":{"id":215,"name":"渤海十六南路加油加氢站","price":39,"guns":2,"idle":2,"using":0,"open":"00:00-23:59","pressure":"35MPA","useType":1,"status":1,"score":"5.0分"},"geometry":{"type":"Point","coordinates":[117.714066,38.921496]}},{"type":"Feature","properties":{"id":3100,"name":"渤海26路气氢站","price":null,"guns":1,"idle":1,"using":0,"open":"-","pressure":"35MPA","useType":1,"status":1,"score":"5.0分"},"geometry":{"type":"Point","coordinates":[117.758677,38.933758]}},{"type":"Feature","properties":{"id":3415,"name":"天津氢鸿新能海港加氢站","price":28,"guns":1,"idle":0,"using":1,"open":"06:00-23:59","pressure":"35MPA","useType":0,"status":1,"score":"5.0分"},"geometry":{"type":"Point","coordinates":[117.721565,38.912086]}},{"type":"Feature","properties":{"id":106,"name":"张家口市交投氢能纬三路加氢站","price":42,"guns":4,"idle":4,"using":0,"open":"08:30-08:30","pressure":"35MPA 70MPA","useType":1,"status":1,"score":"5.0分"},"geometry":{"type":"Point","coordinates":[114.919137,40.759827]}},{"type":"Feature","properties":{"id":197,"name":"陡河制氢加氢站","price":35,"guns":2,"idle":2,"using":0,"open":"00:00-23:59","pressure":"35MPA","useType":1,"status":1,"score":"5.0分"},"geometry":{"type":"Point","coordinates":[118.268472,39.687062]}},{"type":"Feature","properties":{"id":107,"name":"交投氢能新能源创坝加氢站","price":42,"guns":1,"idle":1,"using":0,"open":"06:30-06:30","pressure":"35MPA 70MPA","useType":1,"status":1,"score":"5.0分"},"geometry":{"type":"Point","coordinates":[114.938571,40.758741]}},{"type":"Feature","properties":{"id":109,"name":"太子城服务区加氢站","price":70,"guns":4,"idle":4,"using":0,"open":"00:00-23:59","pressure":"35MPA","useType":1,"status":0,"score":"5.0分"},"geometry":{"type":"Point","coordinates":[115.466659,40.937559]}},{"type":"Feature","properties":{"id":2920,"name":"液态阳光加氢站（冬奥示范项目）","price":35,"guns":1,"idle":1,"using":0,"open":"-","pressure":"35MPA","useType":0,"status":1,"score":"5.0分"},"geometry":{"type":"Point","coordinates":[115.466771,40.935956]}},{"type":"Feature","properties":{"id":2909,"name":"丰宁北油氢电综合能源智慧站","price":null,"guns":2,"idle":2,"using":0,"open":"-","pressure":"35MPA","useType":1,"status":1,"score":"5.0分"},"geometry":{"type":"Point","coordinates":[116.614403,41.261864]}},{"type":"Feature","properties":{"id":49,"name":"荣程新能遵化（建明）加氢站","price":28,"guns":3,"idle":3,"using":0,"open":"00:00-23:59","pressure":"35MPA","useType":0,"status":1,"score":"5.0分"},"geometry":{"type":"Point","coordinates":[118.161309,40.197594]}},{"type":"Feature","properties":{"id":105,"name":"张家口海珀尔加氢站","price":30,"guns":4,"idle":4,"using":0,"open":"00:00-23:59","pressure":"35MPA","useType":1,"status":1,"score":"5.0分"},"geometry":{"type":"Point","coordinates":[115.002341,40.755353]}},{"type":"Feature","properties":{"id":645,"name":"中国石化沧州炼化氢能加供中心","price":35,"guns":2,"idle":2,"using":0,"open":"00:00-23:59","pressure":"35MPA","useType":1,"status":1,"score":"5.0分"},"geometry":{"type":"Point","coordinates":[116.88823,38.343774]}},{"type":"Feature","properties":{"id":101,"name":"国家能源万全综合能源站","price":35,"guns":2,"idle":2,"using":0,"open":"00:00-23:59","pressure":"35MPA 70MPA","useType":1,"status":1,"score":"5.0分"},"geometry":{"type":"Point","coordinates":[114.83499,40.795666]}},{"type":"Feature","properties":{"id":2919,"name":"西山产业园加氢站","price":null,"guns":2,"idle":2,"using":0,"open":"-","pressure":"35MPA","useType":1,"status":1,"score":"5.0分"},"geometry":{"type":"Point","coordinates":[114.804922,40.784113]}},{"type":"Feature","properties":{"id":108,"name":"崇礼北加油加氢站","price":70,"guns":4,"idle":4,"using":0,"open":"00:00-23:59","pressure":"35MPA","useType":1,"status":1,"score":"5.0分"},"geometry":{"type":"Point","coordinates":[115.30663,41.007617]}},{"type":"Feature","properties":{"id":195,"name":"燕山钢铁1＃加氢站","price":30,"guns":6,"idle":5,"using":1,"open":"00:00-23:59","pressure":"35MPA","useType":0,"status":1,"score":"5.0分"},"geometry":{"type":"Point","coordinates":[118.672854,39.931201]}},{"type":"Feature","properties":{"id":648,"name":"陆驰停车场加氢1号站","price":33,"guns":14,"idle":6,"using":8,"open":"03:00-23:50","pressure":"35MPA","useType":1,"status":1,"score":"5.0分"},"geometry":{"type":"Point","coordinates":[118.597725,39.911899]}},{"type":"Feature","properties":{"id":647,"name":"陆驰加油站加氢2号站","price":33,"guns":14,"idle":10,"using":4,"open":"01:00-23:59","pressure":"35MPA","useType":1,"status":1,"score":"5.0分"},"geometry":{"type":"Point","coordinates":[118.597846,39.911933]}},{"type":"Feature","properties":{"id":126,"name":"河北燕山钢铁集团有限公司 2＃加氢站","price":1,"guns":4,"idle":4,"using":0,"open":"00:00-23:59","pressure":"35MPA","useType":1,"status":1,"score":"5.0分"},"geometry":{"type":"Point","coordinates":[118.692614,39.927728]}},{"type":"Feature","properties":{"id":2907,"name":"唐河桥氢电油综合能源站","price":35,"guns":2,"idle":2,"using":0,"open":"-","pressure":"35MPA","useType":1,"status":1,"score":"5.0分"},"geometry":{"type":"Point","coordinates":[115.017817,38.509552]}},{"type":"Feature","properties":{"id":646,"name":"定州旭阳富民氢能有限公司","price":30,"guns":2,"idle":2,"using":0,"open":"08:00-20:00","pressure":"35MPA","useType":1,"status":1,"score":"5.0分"},"geometry":{"type":"Point","coordinates":[115.006209,38.567488]}},{"type":"Feature","properties":{"id":91,"name":"定州旭阳能源加氢站","price":35,"guns":4,"idle":4,"using":0,"open":"08:00-20:00","pressure":"35MPA","useType":1,"status":1,"score":"5.0分"},"geometry":{"type":"Point","coordinates":[114.969528,38.5811]}},{"type":"Feature","properties":{"id":157,"name":"曹妃甸第十八加油加氢站","price":30,"guns":2,"idle":2,"using":0,"open":"07:00-07:00","pressure":"35MPA","useType":1,"status":1,"score":"5.0分"},"geometry":{"type":"Point","coordinates":[118.458417,39.242289]}},{"type":"Feature","properties":{"id":104,"name":"中国石化崇礼西湾子氢和气加注综合服务站","price":70,"guns":5,"idle":5,"using":0,"open":"00:00-23:59","pressure":"35MPA 70MPA","useType":1,"status":1,"score":"5.0分"},"geometry":{"type":"Point","coordinates":[115.272754,40.947868]}},{"type":"Feature","properties":{"id":2916,"name":"滦州美锦撬装","price":35,"guns":2,"idle":2,"using":0,"open":"-","pressure":"35MPA","useType":0,"status":1,"score":"5.0分"},"geometry":{"type":"Point","coordinates":[118.685683,39.656378]}},{"type":"Feature","properties":{"id":2914,"name":"曹妃甸滦海公路加氢站","price":35,"guns":2,"idle":2,"using":0,"open":"-","pressure":"35MPA","useType":0,"status":1,"score":"5.0分"},"geometry":{"type":"Point","coordinates":[118.657166,39.290813]}},{"type":"Feature","properties":{"id":203,"name":"迁安市九江煤炭储运有限公司加氢站","price":30,"guns":11,"idle":7,"using":4,"open":"00:00-23:59","pressure":"35MPA","useType":1,"status":1,"score":"5.0分"},"geometry":{"type":"Point","coordinates":[118.73931,40.1128]}},{"type":"Feature","properties":{"id":147,"name":"滦南马城加油加氢站","price":33,"guns":5,"idle":5,"using":0,"open":"00:00-00:00","pressure":"35MPA","useType":1,"status":1,"score":"5.0分"},"geometry":{"type":"Point","coordinates":[118.792148,39.635782]}},{"type":"Feature","properties":{"id":178,"name":"天津立本能源曹妃甸本泰加氢站","price":35,"guns":1,"idle":1,"using":0,"open":"08:00-23:00","pressure":"35MPA","useType":1,"status":1,"score":"5.0分"},"geometry":{"type":"Point","coordinates":[118.503032,39.107136]}},{"type":"Feature","properties":{"id":2913,"name":"低碳交通能源综合站2号站","price":35,"guns":2,"idle":2,"using":0,"open":"-","pressure":"35MPA","useType":1,"status":9,"score":"5.0分"},"geometry":{"type":"Point","coordinates":[118.503955,39.111762]}},{"type":"Feature","properties":{"id":200,"name":"河北欣聚元氢能科技有限公司加氢站","price":21,"guns":14,"idle":10,"using":4,"open":"00:00-23:59","pressure":"35MPA","useType":1,"status":1,"score":"5.0分"},"geometry":{"type":"Point","coordinates":[117.653963,38.350066]}},{"type":"Feature","properties":{"id":52,"name":"荣程港联（泊头）自用加氢站","price":28,"guns":2,"idle":2,"using":0,"open":"00:00-23:59","pressure":"35MPA","useType":0,"status":1,"score":"5.0分"},"geometry":{"type":"Point","coordinates":[116.326488,38.036855]}},{"type":"Feature","properties":{"id":2911,"name":"河北高速武强服务区加氢站","price":null,"guns":2,"idle":2,"using":0,"open":"-","pressure":"35MPA","useType":1,"status":1,"score":"5.0分"},"geometry":{"type":"Point","coordinates":[115.910734,37.999967]}},{"type":"Feature","properties":{"id":50,"name":"黄骅港1号加氢站","price":28,"guns":3,"idle":3,"using":0,"open":"00:00-23:59","pressure":"35MPA","useType":0,"status":1,"score":"5.0分"},"geometry":{"type":"Point","coordinates":[117.886835,38.345693]}},{"type":"Feature","properties":{"id":2915,"name":"大河世纪氢源3.5t氢电能源站","price":35,"guns":2,"idle":2,"using":0,"open":"-","pressure":"35MPA","useType":0,"status":1,"score":"5.0分"},"geometry":{"type":"Point","coordinates":[119.00169,39.257879]}},{"type":"Feature","properties":{"id":154,"name":"唐山海港经济开发区海保路加氢站","price":30,"guns":6,"idle":6,"using":0,"open":"00:00-23:59","pressure":"35MPA","useType":1,"status":1,"score":"5.0分"},"geometry":{"type":"Point","coordinates":[118.96699,39.206215]}},{"type":"Feature","properties":{"id":142,"name":"唐山佳华加氢示范站","price":35,"guns":2,"idle":2,"using":0,"open":"00:00-23:59","pressure":"35MPA","useType":0,"status":0,"score":"5.0分"},"geometry":{"type":"Point","coordinates":[119.026239,39.256421]}},{"type":"Feature","properties":{"id":143,"name":"氢扬新能源加氢站","price":35,"guns":10,"idle":9,"using":1,"open":"00:00-23:59","pressure":"35MPA","useType":1,"status":1,"score":"5.0分"},"geometry":{"type":"Point","coordinates":[119.021957,39.252263]}},{"type":"Feature","properties":{"id":155,"name":"飞天新氢能源加油加氢站","price":25,"guns":4,"idle":4,"using":0,"open":"00:00-00:00","pressure":"35MPA","useType":1,"status":1,"score":"5.0分"},"geometry":{"type":"Point","coordinates":[115.24003,37.983727]}},{"type":"Feature","properties":{"id":3026,"name":"氢普公司厂内加氢站","price":35,"guns":1,"idle":1,"using":0,"open":"-","pressure":"35MPA","useType":0,"status":1,"score":"5.0分"},"geometry":{"type":"Point","coordinates":[116.472533,37.428763]}},{"type":"Feature","properties":{"id":2912,"name":"石家庄市公共交通集团有限责任公司栾城氢能源站","price":35,"guns":1,"idle":1,"using":0,"open":"-","pressure":"35MPA","useType":0,"status":1,"score":"5.0分"},"geometry":{"type":"Point","coordinates":[114.650765,37.884021]}},{"type":"Feature","properties":{"id":3020,"name":"乌兰察布三峡加氢站（临时）","price":null,"guns":2,"idle":2,"using":0,"open":"-","pressure":"35MPA","useType":0,"status":1,"score":"5.0分"},"geometry":{"type":"Point","coordinates":[113.186709,40.951925]}},{"type":"Feature","properties":{"id":3063,"name":"大同经雄综合加氢站","price":null,"guns":1,"idle":1,"using":0,"open":"-","pressure":"35MPA","useType":1,"status":1,"score":"5.0分"},"geometry":{"type":"Point","coordinates":[113.279885,40.0532]}},{"type":"Feature","properties":{"id":3072,"name":"金港湾石油加油站","price":null,"guns":1,"idle":1,"using":0,"open":"-","pressure":"35MPA","useType":1,"status":1,"score":"5.0分"},"geometry":{"type":"Point","coordinates":[113.279885,40.0532]}},{"type":"Feature","properties":{"id":3025,"name":"超亿CNG加气加氢站","price":35,"guns":2,"idle":2,"using":0,"open":"-","pressure":"35MPA","useType":0,"status":1,"score":"5.0分"},"geometry":{"type":"Point","coordinates":[116.885415,37.167894]}},{"type":"Feature","properties":{"id":3024,"name":"临邑超亿燃气加氢站","price":35,"guns":1,"idle":1,"using":0,"open":"-","pressure":"35MPA","useType":1,"status":1,"score":"5.0分"},"geometry":{"type":"Point","coordinates":[116.885415,37.167894]}},{"type":"Feature","properties":{"id":192,"name":"滨华加氢站","price":35,"guns":8,"idle":8,"using":0,"open":"00:00-23:59","pressure":"35MPA","useType":1,"status":1,"score":"5.0分"},"geometry":{"type":"Point","coordinates":[118.06057,37.382403]}},{"type":"Feature","properties":{"id":2918,"name":"旭阳邢台加氢站","price":28,"guns":1,"idle":1,"using":0,"open":"-","pressure":"35MPA","useType":1,"status":1,"score":"5.0分"},"geometry":{"type":"Point","coordinates":[114.538491,37.158598]}},{"type":"Feature","properties":{"id":3396,"name":"空气产品氢能源科技（淄博）有限公司","price":50,"guns":4,"idle":4,"using":0,"open":"09:00-17:00","pressure":"35MPA","useType":1,"status":1,"score":"5.0分"},"geometry":{"type":"Point","coordinates":[118.033297,36.955731]}},{"type":"Feature","properties":{"id":83,"name":"空气化工产品（淄博）有限公司桓台示范加氢站","price":60,"guns":2,"idle":2,"using":0,"open":"08:30-22:30","pressure":"35MPA","useType":1,"status":1,"score":"5.0分"},"geometry":{"type":"Point","coordinates":[118.031907,36.955486]}},{"type":"Feature","properties":{"id":3028,"name":"济南公交加氢站","price":80,"guns":2,"idle":2,"using":0,"open":"-","pressure":"35MPA","useType":1,"status":1,"score":"5.0分"},"geometry":{"type":"Point","coordinates":[117.191656,36.728169]}},{"type":"Feature","properties":{"id":3006,"name":"佳华利道低压加氢站（兴城氢能）","price":null,"guns":1,"idle":1,"using":0,"open":"-","pressure":"35MPA","useType":1,"status":1,"score":"5.0分"},"geometry":{"type":"Point","coordinates":[120.692616,40.538253]}},{"type":"Feature","properties":{"id":3408,"name":"中国石化销售股份有限公司山东淄博高速加氢站","price":60,"guns":2,"idle":2,"using":0,"open":"00:00-00:00","pressure":"35MPA","useType":1,"status":1,"score":"5.0分"},"geometry":{"type":"Point","coordinates":[118.069039,36.860835]}},{"type":"Feature","properties":{"id":3061,"name":"济青高速淄博服务区站加氢站","price":35,"guns":1,"idle":1,"using":0,"open":"-","pressure":"35MPA","useType":1,"status":1,"score":"5.0分"},"geometry":{"type":"Point","coordinates":[118.068994,36.860647]}},{"type":"Feature","properties":{"id":3029,"name":"济南中石化第58加氢站","price":55,"guns":2,"idle":2,"using":0,"open":"-","pressure":"35MPA","useType":0,"status":1,"score":"5.0分"},"geometry":{"type":"Point","coordinates":[116.939618,36.624892]}},{"type":"Feature","properties":{"id":3032,"name":"青银高速济南东服务区南区加氢站","price":35,"guns":1,"idle":1,"using":0,"open":"-","pressure":"35MPA","useType":1,"status":1,"score":"5.0分"},"geometry":{"type":"Point","coordinates":[117.36861,36.80861]}},{"type":"Feature","properties":{"id":66,"name":"淄博金路通客运加氢站","price":35,"guns":4,"idle":4,"using":0,"open":"08:30-16:30","pressure":"35MPA","useType":1,"status":1,"score":"5.0分"},"geometry":{"type":"Point","coordinates":[118.003343,36.784093]}},{"type":"Feature","properties":{"id":3062,"name":"淄博能源加氢站","price":68,"guns":1,"idle":1,"using":0,"open":"-","pressure":"35MPA","useType":1,"status":0,"score":"5.0分"},"geometry":{"type":"Point","coordinates":[118.070138,36.77566]}},{"type":"Feature","properties":{"id":3031,"name":"青银高速济南东服务区北区加氢站","price":35,"guns":1,"idle":1,"using":0,"open":"-","pressure":"35MPA","useType":1,"status":1,"score":"5.0分"},"geometry":{"type":"Point","coordinates":[117.36796,36.810829]}},{"type":"Feature","properties":{"id":3030,"name":"豪沃重卡加氢站","price":35,"guns":1,"idle":1,"using":0,"open":"-","pressure":"35MPA","useType":0,"status":0,"score":"5.0分"},"geometry":{"type":"Point","coordinates":[117.417439,36.689445]}},{"type":"Feature","properties":{"id":3394,"name":"空气产品氢能源科技（淄博）有限公司济潍高速昆仑北区分公司","price":50,"guns":4,"idle":4,"using":0,"open":"09:00-17:00","pressure":"35MPA","useType":1,"status":1,"score":"5.0分"},"geometry":{"type":"Point","coordinates":[117.842667,36.631965]}},{"type":"Feature","properties":{"id":3060,"name":"济潍高速淄博昆仑服务区北区加氢站","price":35,"guns":1,"idle":1,"using":0,"open":"-","pressure":"35MPA","useType":1,"status":1,"score":"5.0分"},"geometry":{"type":"Point","coordinates":[117.8426,36.631894]}},{"type":"Feature","properties":{"id":135,"name":"山东淄博齐鲁加氢站","price":33.6,"guns":2,"idle":2,"using":0,"open":"00:00-23:59","pressure":"35MPA","useType":1,"status":1,"score":"5.0分"},"geometry":{"type":"Point","coordinates":[118.204645,36.776752]}},{"type":"Feature","properties":{"id":3036,"name":"聊城中通客车加氢站","price":null,"guns":2,"idle":2,"using":0,"open":"-","pressure":"35MPA","useType":0,"status":1,"score":"5.0分"},"geometry":{"type":"Point","coordinates":[116.077007,36.464604]}},{"type":"Feature","properties":{"id":94,"name":"淄博华本燃气加氢站","price":60,"guns":2,"idle":2,"using":0,"open":"00:00-23:59","pressure":"35MPA","useType":1,"status":1,"score":"5.0分"},"geometry":{"type":"Point","coordinates":[118.279752,36.816259]}},{"type":"Feature","properties":{"id":3037,"name":"聊城19站综合能源站","price":50,"guns":1,"idle":1,"using":0,"open":"-","pressure":"35MPA","useType":1,"status":1,"score":"5.0分"},"geometry":{"type":"Point","coordinates":[116.029328,36.475101]}},{"type":"Feature","properties":{"id":3033,"name":"济南中石化第39加氢站","price":55,"guns":2,"idle":2,"using":0,"open":"-","pressure":"35MPA","useType":0,"status":1,"score":"5.0分"},"geometry":{"type":"Point","coordinates":[117.532565,36.685533]}},{"type":"Feature","properties":{"id":2910,"name":"河钢化工邯郸加氢示范站（一期）","price":null,"guns":1,"idle":1,"using":0,"open":"-","pressure":"35MPA","useType":0,"status":1,"score":"5.0分"},"geometry":{"type":"Point","coordinates":[114.449763,36.603891]}},{"type":"Feature","properties":{"id":3059,"name":"济潍高速淄博昆仑服务区南区加氢站","price":35,"guns":1,"idle":1,"using":0,"open":"-","pressure":"35MPA","useType":1,"status":1,"score":"5.0分"},"geometry":{"type":"Point","coordinates":[117.843384,36.63048]}},{"type":"Feature","properties":{"id":3397,"name":"空气产品氢能源科技（淄博）有限公司济潍高速昆仑南区分公司","price":50,"guns":4,"idle":4,"using":0,"open":"09:00-17:00","pressure":"35MPA","useType":1,"status":1,"score":"5.0分"},"geometry":{"type":"Point","coordinates":[117.842782,36.630204]}},{"type":"Feature","properties":{"id":3050,"name":"石大昌盛制氢加氢一体站（充装）","price":35,"guns":2,"idle":2,"using":0,"open":"-","pressure":"35MPA","useType":0,"status":1,"score":"5.0分"},"geometry":{"type":"Point","coordinates":[119.067966,37.092561]}},{"type":"Feature","properties":{"id":3055,"name":"雷奥氢气充装站","price":35,"guns":2,"idle":2,"using":0,"open":"-","pressure":"35MPA","useType":0,"status":1,"score":"5.0分"},"geometry":{"type":"Point","coordinates":[118.59365,36.550848]}},{"type":"Feature","properties":{"id":3027,"name":"泰山钢铁加氢母站","price":35,"guns":2,"idle":2,"using":0,"open":"-","pressure":"35MPA","useType":1,"status":1,"score":"5.0分"},"geometry":{"type":"Point","coordinates":[117.6567,36.2136]}},{"type":"Feature","properties":{"id":2917,"name":"华丰清能加油加气加氢站","price":null,"guns":2,"idle":2,"using":0,"open":"-","pressure":"35MPA","useType":1,"status":1,"score":"5.0分"},"geometry":{"type":"Point","coordinates":[114.115131,36.598326]}},{"type":"Feature","properties":{"id":186,"name":"华丰清洁能源加氢站","price":28,"guns":2,"idle":2,"using":0,"open":"00:00-00:00","pressure":"35MPA","useType":1,"status":1,"score":"5.0分"},"geometry":{"type":"Point","coordinates":[114.110777,36.619277]}},{"type":"Feature","properties":{"id":3052,"name":"山东港口潍坊加氢站","price":30,"guns":1,"idle":1,"using":0,"open":"-","pressure":"35MPA","useType":0,"status":1,"score":"5.0分"},"geometry":{"type":"Point","coordinates":[119.160268,37.225519]}},{"type":"Feature","properties":{"id":3053,"name":"潍柴加氢站","price":35,"guns":2,"idle":2,"using":0,"open":"-","pressure":"35MPA","useType":0,"status":1,"score":"5.0分"},"geometry":{"type":"Point","coordinates":[119.223436,36.744799]}},{"type":"Feature","properties":{"id":3429,"name":"德鑫氢能科技(河北)有限公司","price":25,"guns":1,"idle":1,"using":0,"open":"08:00-08:00","pressure":"35MPA","useType":1,"status":1,"score":"5.0分"},"geometry":{"type":"Point","coordinates":[113.760877,36.628794]}},{"type":"Feature","properties":{"id":3065,"name":"山西晋中加氢站","price":null,"guns":2,"idle":2,"using":0,"open":"-","pressure":"35MPA","useType":0,"status":1,"score":"5.0分"},"geometry":{"type":"Point","coordinates":[112.66971,37.625705]}},{"type":"Feature","properties":{"id":3056,"name":"凯豪达氢能加氢站","price":35,"guns":2,"idle":2,"using":0,"open":"-","pressure":"35MPA","useType":0,"status":1,"score":"5.0分"},"geometry":{"type":"Point","coordinates":[119.078252,36.676138]}},{"type":"Feature","properties":{"id":114,"name":"晶晖新能源内黄马上加氢站","price":26,"guns":2,"idle":2,"using":0,"open":"00:00-23:59","pressure":"35MPA","useType":0,"status":0,"score":"5.0分"},"geometry":{"type":"Point","coordinates":[114.894707,36.033894]}},{"type":"Feature","properties":{"id":3054,"name":"山东潍坊凯华燃气加氢站","price":35,"guns":1,"idle":1,"using":0,"open":"-","pressure":"35MPA","useType":1,"status":1,"score":"5.0分"},"geometry":{"type":"Point","coordinates":[119.121123,36.670981]}},{"type":"Feature","properties":{"id":156,"name":"安阳县诚信路综合加能站","price":45,"guns":1,"idle":1,"using":0,"open":"00:00-23:59","pressure":"35MPA","useType":1,"status":1,"score":"5.0分"},"geometry":{"type":"Point","coordinates":[114.334861,36.099608]}},{"type":"Feature","properties":{"id":2921,"name":"德力新能源汽车有限公司厂内站","price":35,"guns":1,"idle":1,"using":0,"open":"-","pressure":"35MPA","useType":0,"status":1,"score":"5.0分"},"geometry":{"type":"Point","coordinates":[114.49659,36.0762]}},{"type":"Feature","properties":{"id":636,"name":"濮阳市综合加能站","price":35,"guns":7,"idle":7,"using":0,"open":"00:00-23:59","pressure":"35MPA 70MPA","useType":1,"status":1,"score":"5.0分"},"geometry":{"type":"Point","coordinates":[114.989809,35.774522]}},{"type":"Feature","properties":{"id":115,"name":"晶晖新能源水冶加氢站","price":23,"guns":1,"idle":1,"using":0,"open":"00:00-23:59","pressure":"35MPA","useType":0,"status":0,"score":"5.0分"},"geometry":{"type":"Point","coordinates":[114.159114,36.166173]}},{"type":"Feature","properties":{"id":159,"name":"安阳洹科环加氢站","price":35,"guns":1,"idle":1,"using":0,"open":"00:00-23:59","pressure":"35MPA","useType":1,"status":1,"score":"5.0分"},"geometry":{"type":"Point","coordinates":[114.284339,36.082239]}},{"type":"Feature","properties":{"id":118,"name":"利源物流铜冶加氢站","price":25,"guns":3,"idle":0,"using":3,"open":"00:00-23:59","pressure":"35MPA","useType":1,"status":1,"score":"5.0分"},"geometry":{"type":"Point","coordinates":[114.07281,36.19138]}},{"type":"Feature","properties":{"id":642,"name":"河南顺利醇氢能源科技有限公司顺成集团加氢站","price":25,"guns":4,"idle":4,"using":0,"open":"00:00-23:59","pressure":"35MPA","useType":1,"status":1,"score":"5.0分"},"geometry":{"type":"Point","coordinates":[114.079538,36.215727]}},{"type":"Feature","properties":{"id":3051,"name":"华润燃气CNGLNG加气加氢综合站","price":70,"guns":2,"idle":2,"using":0,"open":"-","pressure":"35MPA","useType":0,"status":1,"score":"5.0分"},"geometry":{"type":"Point","coordinates":[119.135527,36.579162]}},{"type":"Feature","properties":{"id":208,"name":"安阳樽骆商贸有限公司（龙安区加氢站）","price":25,"guns":1,"idle":1,"using":0,"open":"00:00-23:59","pressure":"35MPA","useType":1,"status":1,"score":"5.0分"},"geometry":{"type":"Point","coordinates":[114.307618,36.021331]}},{"type":"Feature","properties":{"id":119,"name":"宝舜科加氢站","price":25,"guns":2,"idle":2,"using":0,"open":"08:00-08:00","pressure":"35MPA","useType":1,"status":1,"score":"5.0分"},"geometry":{"type":"Point","coordinates":[114.075575,36.247444]}},{"type":"Feature","properties":{"id":116,"name":"宝舜科技铜冶加氢站","price":25,"guns":1,"idle":1,"using":0,"open":"00:00-23:59","pressure":"35MPA","useType":1,"status":1,"score":"5.0分"},"geometry":{"type":"Point","coordinates":[114.050384,36.238462]}},{"type":"Feature","properties":{"id":3386,"name":"交城美锦盛锦路加氢站","price":25,"guns":8,"idle":8,"using":0,"open":"00:00-23:59","pressure":"35MPA","useType":1,"status":1,"score":"5.0分"},"geometry":{"type":"Point","coordinates":[112.239749,37.553169]}},{"type":"Feature","properties":{"id":207,"name":"交城段村综合能源站","price":25,"guns":6,"idle":6,"using":0,"open":"00:00-00:00","pressure":"35MPA","useType":1,"status":1,"score":"5.0分"},"geometry":{"type":"Point","coordinates":[112.233351,37.554714]}},{"type":"Feature","properties":{"id":3426,"name":"中国石化销售股份有限公司河南中原石油分公司第三十七加油站","price":35,"guns":2,"idle":2,"using":0,"open":"08:30-17:00","pressure":"35MPA","useType":1,"status":1,"score":"5.0分"},"geometry":{"type":"Point","coordinates":[115.227728,35.745857]}},{"type":"Feature","properties":{"id":3073,"name":"锦嘉清徐加氢站","price":25,"guns":2,"idle":2,"using":0,"open":"-","pressure":"35MPA","useType":0,"status":1,"score":"5.0分"},"geometry":{"type":"Point","coordinates":[112.275163,37.571752]}},{"type":"Feature","properties":{"id":3035,"name":"兖矿综合能源补给站","price":35,"guns":1,"idle":1,"using":0,"open":"-","pressure":"35MPA","useType":1,"status":0,"score":"5.0分"},"geometry":{"type":"Point","coordinates":[116.945574,35.445912]}},{"type":"Feature","properties":{"id":641,"name":"濮阳裕慧新能源有限公司中裕能源综合站","price":35,"guns":1,"idle":1,"using":0,"open":"00:00-23:59","pressure":"35MPA","useType":1,"status":1,"score":"5.0分"},"geometry":{"type":"Point","coordinates":[115.322727,35.733197]}},{"type":"Feature","properties":{"id":3436,"name":"内蒙古华电氢能科技有限公司土右1站","price":26,"guns":1,"idle":1,"using":0,"open":"00:59-23:59","pressure":"35MPA","useType":1,"status":1,"score":"5.0分"},"geometry":{"type":"Point","coordinates":[110.688793,40.59669]}},{"type":"Feature","properties":{"id":3007,"name":"洪生气体盘锦氢气站","price":null,"guns":2,"idle":2,"using":0,"open":"-","pressure":"35MPA","useType":0,"status":1,"score":"5.0分"},"geometry":{"type":"Point","coordinates":[122.208534,41.021432]}},{"type":"Feature","properties":{"id":3405,"name":"荣程新能（土默特右旗）综合能源站","price":0,"guns":1,"idle":1,"using":0,"open":"00:00-22:00","pressure":"35MPA","useType":0,"status":1,"score":"5.0分"},"geometry":{"type":"Point","coordinates":[110.630506,40.596694]}},{"type":"Feature","properties":{"id":2925,"name":"卫辉唐庄加氢站","price":35,"guns":1,"idle":1,"using":0,"open":"-","pressure":"35MPA","useType":1,"status":1,"score":"5.0分"},"geometry":{"type":"Point","coordinates":[113.977195,35.418872]}},{"type":"Feature","properties":{"id":3057,"name":"诸城氢电油气综合能源服务站","price":35,"guns":2,"idle":2,"using":0,"open":"-","pressure":"35MPA","useType":1,"status":1,"score":"5.0分"},"geometry":{"type":"Point","coordinates":[119.374184,35.986128]}},{"type":"Feature","properties":{"id":3058,"name":"CNG加氢加气站","price":35,"guns":2,"idle":2,"using":0,"open":"-","pressure":"35MPA","useType":0,"status":1,"score":"5.0分"},"geometry":{"type":"Point","coordinates":[119.380708,35.992243]}},{"type":"Feature","properties":{"id":133,"name":"山西巨能新燃料有限公司市区加氢综合能源岛","price":35,"guns":2,"idle":2,"using":0,"open":"00:00-23:59","pressure":"35MPA","useType":0,"status":1,"score":"5.0分"},"geometry":{"type":"Point","coordinates":[111.779029,37.166696]}},{"type":"Feature","properties":{"id":3069,"name":"鹏飞城市加氢综合能源岛","price":35,"guns":2,"idle":2,"using":0,"open":"-","pressure":"35MPA","useType":1,"status":1,"score":"5.0分"},"geometry":{"type":"Point","coordinates":[111.779823,37.166918]}},{"type":"Feature","properties":{"id":3418,"name":"鹏飞聚能(孝义)北姚新燃料有限公司","price":25,"guns":10,"idle":10,"using":0,"open":"00:00-23:59","pressure":"35MPA","useType":1,"status":1,"score":"5.0分"},"geometry":{"type":"Point","coordinates":[111.847691,37.068237]}},{"type":"Feature","properties":{"id":131,"name":"山西巨能新燃料有限公司北姚加氢综合能源岛","price":35,"guns":10,"idle":10,"using":0,"open":"00:00-23:59","pressure":"35MPA","useType":1,"status":1,"score":"5.0分"},"geometry":{"type":"Point","coordinates":[111.849797,37.074298]}},{"type":"Feature","properties":{"id":132,"name":"西王屯加氢综合能源岛","price":35,"guns":2,"idle":2,"using":0,"open":"00:00-23:59","pressure":"35MPA","useType":1,"status":1,"score":"5.0分"},"geometry":{"type":"Point","coordinates":[111.827795,37.080261]}},{"type":"Feature","properties":{"id":134,"name":"山西巨能新燃料有限公司金港湾加氢综合能源岛","price":35,"guns":2,"idle":2,"using":0,"open":"00:00-23:59","pressure":"35MPA","useType":1,"status":1,"score":"5.0分"},"geometry":{"type":"Point","coordinates":[111.704029,37.141735]}},{"type":"Feature","properties":{"id":2924,"name":"豫氢科研示范加氢站","price":35,"guns":1,"idle":1,"using":0,"open":"-","pressure":"35MPA","useType":0,"status":1,"score":"5.0分"},"geometry":{"type":"Point","coordinates":[113.917229,35.232103]}},{"type":"Feature","properties":{"id":176,"name":"河南新乡南二环油氢电合建站","price":35,"guns":103,"idle":103,"using":0,"open":"00:00-23:59","pressure":"35MPA 70MPA","useType":1,"status":1,"score":"5.0分"},"geometry":{"type":"Point","coordinates":[113.911894,35.224562]}},{"type":"Feature","properties":{"id":3038,"name":"青岛阳光加氢站","price":35,"guns":1,"idle":1,"using":0,"open":"-","pressure":"35MPA","useType":0,"status":1,"score":"5.0分"},"geometry":{"type":"Point","coordinates":[120.331768,36.325711]}},{"type":"Feature","properties":{"id":3034,"name":"济宁中泰加氢站","price":null,"guns":2,"idle":2,"using":0,"open":"-","pressure":"35MPA","useType":0,"status":1,"score":"5.0分"},"geometry":{"type":"Point","coordinates":[116.749922,34.950659]}},{"type":"Feature","properties":{"id":2926,"name":"辉县胡桥综合加能站加氢站","price":35,"guns":1,"idle":1,"using":0,"open":"-","pressure":"35MPA","useType":1,"status":1,"score":"5.0分"},"geometry":{"type":"Point","coordinates":[113.773325,35.441155]}},{"type":"Feature","properties":{"id":624,"name":"青岛滨海路加氢站","price":35,"guns":2,"idle":2,"using":0,"open":"00:00-23:59","pressure":"35MPA","useType":0,"status":1,"score":"5.0分"},"geometry":{"type":"Point","coordinates":[120.364635,36.220372]}},{"type":"Feature","properties":{"id":3047,"name":"院士港科研示范加氢站（厂内站）","price":35,"guns":1,"idle":1,"using":0,"open":"-","pressure":"35MPA","useType":0,"status":1,"score":"5.0分"},"geometry":{"type":"Point","coordinates":[120.369461,36.220153]}},{"type":"Feature","properties":{"id":3406,"name":"荣程新能（华电）东华站","price":0,"guns":1,"idle":1,"using":0,"open":"00:00-22:00","pressure":"35MPA","useType":0,"status":1,"score":"5.0分"},"geometry":{"type":"Point","coordinates":[110.087823,40.564128]}},{"type":"Feature","properties":{"id":3049,"name":"青岛第九加氢站","price":35,"guns":1,"idle":1,"using":0,"open":"-","pressure":"35MPA","useType":1,"status":9,"score":"5.0分"},"geometry":{"type":"Point","coordinates":[120.404481,36.170415]}},{"type":"Feature","properties":{"id":3048,"name":"青岛格尔汉川路加氢站","price":35,"guns":2,"idle":2,"using":0,"open":"-","pressure":"35MPA","useType":1,"status":1,"score":"5.0分"},"geometry":{"type":"Point","coordinates":[120.469287,36.157124]}},{"type":"Feature","properties":{"id":3012,"name":"达旗中极加氢站","price":58,"guns":2,"idle":2,"using":0,"open":"-","pressure":"35MPA","useType":0,"status":1,"score":"5.0分"},"geometry":{"type":"Point","coordinates":[110.040366,40.418907]}},{"type":"Feature","properties":{"id":3041,"name":"青岛黄岛美锦加氢站","price":70,"guns":2,"idle":2,"using":0,"open":"-","pressure":"35MPA","useType":0,"status":1,"score":"5.0分"},"geometry":{"type":"Point","coordinates":[120.138023,36.087735]}},{"type":"Feature","properties":{"id":3043,"name":"海河路加氢站","price":35,"guns":2,"idle":2,"using":0,"open":"07:00-20:00","pressure":"35MPA","useType":1,"status":1,"score":"5.0分"},"geometry":{"type":"Point","coordinates":[120.184011,36.047161]}},{"type":"Feature","properties":{"id":3046,"name":"山东省青岛海德瑞思加氢站","price":35,"guns":2,"idle":2,"using":0,"open":"-","pressure":"35MPA","useType":0,"status":0,"score":"5.0分"},"geometry":{"type":"Point","coordinates":[120.179542,36.054106]}},{"type":"Feature","properties":{"id":3044,"name":"黄岛区刘公岛项目","price":35,"guns":1,"idle":1,"using":0,"open":"-","pressure":"35MPA","useType":1,"status":1,"score":"5.0分"},"geometry":{"type":"Point","coordinates":[120.223445,36.048544]}},{"type":"Feature","properties":{"id":3070,"name":"汽车加气站(美锦氢能下楼桥加氢站","price":null,"guns":1,"idle":1,"using":0,"open":"-","pressure":"35MPA","useType":0,"status":1,"score":"5.0分"},"geometry":{"type":"Point","coordinates":[111.248764,37.527496]}},{"type":"Feature","properties":{"id":204,"name":"离石区下楼桥公交加氢站","price":35,"guns":4,"idle":4,"using":0,"open":"00:00-00:00","pressure":"35MPA","useType":0,"status":1,"score":"5.0分"},"geometry":{"type":"Point","coordinates":[111.250515,37.527773]}},{"type":"Feature","properties":{"id":141,"name":"焦作市东部加氢站","price":35,"guns":5,"idle":5,"using":0,"open":"08:00-08:00","pressure":"35MPA","useType":1,"status":1,"score":"5.0分"},"geometry":{"type":"Point","coordinates":[113.404252,35.351854]}},{"type":"Feature","properties":{"id":623,"name":"山东港口青岛港加氢站","price":35,"guns":2,"idle":2,"using":0,"open":"00:00-23:59","pressure":"35MPA","useType":0,"status":1,"score":"5.0分"},"geometry":{"type":"Point","coordinates":[120.209324,36.024651]}},{"type":"Feature","properties":{"id":3068,"name":"政务中心氢能综合站","price":null,"guns":2,"idle":2,"using":0,"open":"-","pressure":"35MPA","useType":0,"status":1,"score":"5.0分"},"geometry":{"type":"Point","coordinates":[111.17068,37.645809]}},{"type":"Feature","properties":{"id":3039,"name":"青岛俪徕化工加氢站","price":35,"guns":1,"idle":1,"using":0,"open":"-","pressure":"35MPA","useType":0,"status":9,"score":"5.0分"},"geometry":{"type":"Point","coordinates":[120.193341,35.986136]}},{"type":"Feature","properties":{"id":3042,"name":"西海岸加氢站（中广）","price":35,"guns":2,"idle":2,"using":0,"open":"-","pressure":"35MPA","useType":1,"status":1,"score":"5.0分"},"geometry":{"type":"Point","coordinates":[119.953787,35.898922]}},{"type":"Feature","properties":{"id":3404,"name":"荣程新能（华电）河西站","price":0,"guns":2,"idle":2,"using":0,"open":"08:00-22:00","pressure":"35MPA","useType":0,"status":1,"score":"5.0分"},"geometry":{"type":"Point","coordinates":[109.790508,40.578521]}},{"type":"Feature","properties":{"id":206,"name":"中阳弓阳新村撬装站","price":35,"guns":1,"idle":1,"using":0,"open":"08:00-20:00","pressure":"35MPA","useType":0,"status":1,"score":"5.0分"},"geometry":{"type":"Point","coordinates":[111.210292,37.526509]}},{"type":"Feature","properties":{"id":3040,"name":"泊里加氢站","price":35,"guns":2,"idle":2,"using":0,"open":"-","pressure":"35MPA","useType":0,"status":1,"score":"5.0分"},"geometry":{"type":"Point","coordinates":[119.705822,35.641967]}},{"type":"Feature","properties":{"id":3019,"name":"汇能正和加氢加气一体站","price":null,"guns":2,"idle":2,"using":0,"open":"-","pressure":"35MPA","useType":1,"status":1,"score":"5.0分"},"geometry":{"type":"Point","coordinates":[110.390157,39.362698]}},{"type":"Feature","properties":{"id":205,"name":"吕梁经开区新材料园区撬装站","price":35,"guns":1,"idle":1,"using":0,"open":"08:00-20:00","pressure":"35MPA","useType":0,"status":1,"score":"5.0分"},"geometry":{"type":"Point","coordinates":[111.229156,37.506476]}},{"type":"Feature","properties":{"id":97,"name":"森思达新能源东三环加氢站","price":35,"guns":1,"idle":1,"using":0,"open":"06:00-23:50","pressure":"35MPA","useType":1,"status":1,"score":"5.0分"},"geometry":{"type":"Point","coordinates":[113.777993,34.853359]}},{"type":"Feature","properties":{"id":3018,"name":"伊金霍洛旗氢气站","price":null,"guns":2,"idle":2,"using":0,"open":"-","pressure":"35MPA","useType":0,"status":1,"score":"5.0分"},"geometry":{"type":"Point","coordinates":[110.416231,39.360139]}},{"type":"Feature","properties":{"id":3071,"name":"上安加氢综合能源站","price":null,"guns":2,"idle":2,"using":0,"open":"-","pressure":"35MPA","useType":0,"status":1,"score":"5.0分"},"geometry":{"type":"Point","coordinates":[111.146845,37.587665]}},{"type":"Feature","properties":{"id":150,"name":"明惠路综合加能站","price":35,"guns":1,"idle":1,"using":0,"open":"00:00-23:59","pressure":"35MPA","useType":1,"status":1,"score":"5.0分"},"geometry":{"type":"Point","coordinates":[113.798865,34.838713]}},{"type":"Feature","properties":{"id":138,"name":"郑州重塑氢能科技有限公司二七正创站","price":35,"guns":1,"idle":1,"using":0,"open":"00:00-23:59","pressure":"35MPA","useType":1,"status":1,"score":"5.0分"},"geometry":{"type":"Point","coordinates":[113.745579,34.844025]}},{"type":"Feature","properties":{"id":3017,"name":"海勒斯壕南加氢站","price":null,"guns":1,"idle":1,"using":0,"open":"00:00-23:59","pressure":"35MPA","useType":1,"status":1,"score":"5.0分"},"geometry":{"type":"Point","coordinates":[110.128489,39.568268]}},{"type":"Feature","properties":{"id":3439,"name":"吕梁通泉润滑油有限公司","price":25,"guns":2,"idle":2,"using":0,"open":"00:00-00:00","pressure":"35MPA","useType":1,"status":1,"score":"5.0分"},"geometry":{"type":"Point","coordinates":[111.147671,37.414626]}},{"type":"Feature","properties":{"id":128,"name":"隆瑞东三环站","price":35,"guns":1,"idle":1,"using":0,"open":"00:00-23:59","pressure":"35MPA","useType":0,"status":1,"score":"5.0分"},"geometry":{"type":"Point","coordinates":[113.794545,34.794281]}},{"type":"Feature","properties":{"id":3413,"name":"河南中油新发展绿色能源有限公司郑州贾陈街综合能源站","price":35,"guns":1,"idle":1,"using":0,"open":"08:00-20:00","pressure":"35MPA","useType":1,"status":1,"score":"5.0分"},"geometry":{"type":"Point","coordinates":[113.805071,34.750747]}},{"type":"Feature","properties":{"id":148,"name":"郑州市东象氢一技术服务有限公司加氢站","price":35,"guns":2,"idle":2,"using":0,"open":"08:00-20:00","pressure":"35MPA","useType":0,"status":0,"score":"5.0分"},"geometry":{"type":"Point","coordinates":[113.901179,34.765034]}},{"type":"Feature","properties":{"id":86,"name":"宇通加氢站","price":40,"guns":3,"idle":3,"using":0,"open":"00:00-23:59","pressure":"35MPA","useType":0,"status":0,"score":"5.0分"},"geometry":{"type":"Point","coordinates":[113.832529,34.709614]}},{"type":"Feature","properties":{"id":112,"name":"郑州华润燃气股份有限公司航海东路车用能源站","price":35,"guns":29,"idle":28,"using":1,"open":"00:00-23:59","pressure":"35MPA","useType":1,"status":1,"score":"5.0分"},"geometry":{"type":"Point","coordinates":[113.779725,34.71849]}},{"type":"Feature","properties":{"id":151,"name":"郑州市兴东市政建设管理有限公司（熊儿河路加氢站）","price":35,"guns":2,"idle":2,"using":0,"open":"00:00-23:59","pressure":"35MPA","useType":0,"status":1,"score":"5.0分"},"geometry":{"type":"Point","coordinates":[113.764447,34.744827]}},{"type":"Feature","properties":{"id":152,"name":"郑州市兴东市政建设管理有限公司（平安大道加氢站）","price":35,"guns":2,"idle":2,"using":0,"open":"00:00-23:59","pressure":"35MPA","useType":0,"status":1,"score":"5.0分"},"geometry":{"type":"Point","coordinates":[113.763973,34.74481]}},{"type":"Feature","properties":{"id":98,"name":"宝丰成业毛庄加氢站","price":41,"guns":1,"idle":0,"using":1,"open":"00:00-23:59","pressure":"35MPA","useType":1,"status":1,"score":"5.0分"},"geometry":{"type":"Point","coordinates":[113.622275,34.8763]}},{"type":"Feature","properties":{"id":3009,"name":"鞍钢中集（营口）新能源科技有限公司氢气充装站项目","price":null,"guns":2,"idle":2,"using":0,"open":"-","pressure":"35MPA","useType":1,"status":1,"score":"5.0分"},"geometry":{"type":"Point","coordinates":[122.140869,40.315986]}},{"type":"Feature","properties":{"id":99,"name":"焦作伟祺杲村加氢站","price":35,"guns":1,"idle":1,"using":0,"open":"00:00-23:59","pressure":"35MPA","useType":1,"status":1,"score":"5.0分"},"geometry":{"type":"Point","coordinates":[113.65466,34.846128]}},{"type":"Feature","properties":{"id":149,"name":"郑州市东象氢二技术服务有限公司加氢站","price":35,"guns":2,"idle":2,"using":0,"open":"08:00-20:00","pressure":"35MPA","useType":0,"status":0,"score":"5.0分"},"geometry":{"type":"Point","coordinates":[113.90928,34.740133]}},{"type":"Feature","properties":{"id":127,"name":"花溪加氢站","price":35,"guns":4,"idle":4,"using":0,"open":"00:00-23:59","pressure":"35MPA","useType":1,"status":1,"score":"5.0分"},"geometry":{"type":"Point","coordinates":[113.873601,34.700287]}},{"type":"Feature","properties":{"id":100,"name":"河南大河四季能源科技有限公司-四季物流港加氢站","price":35,"guns":2,"idle":2,"using":0,"open":"00:00-23:59","pressure":"35MPA","useType":1,"status":1,"score":"5.0分"},"geometry":{"type":"Point","coordinates":[113.575148,34.893462]}},{"type":"Feature","properties":{"id":129,"name":"河南丈一建筑工程有限公司加氢站","price":35,"guns":2,"idle":1,"using":1,"open":"00:00-23:59","pressure":"35MPA","useType":0,"status":1,"score":"5.0分"},"geometry":{"type":"Point","coordinates":[113.728289,34.702876]}},{"type":"Feature","properties":{"id":2929,"name":"郑州大河路伟祺加氢站","price":null,"guns":2,"idle":2,"using":0,"open":"-","pressure":"35MPA","useType":0,"status":1,"score":"5.0分"},"geometry":{"type":"Point","coordinates":[113.555395,34.885054]}},{"type":"Feature","properties":{"id":3010,"name":"包头白云鄂博矿铁矿区加氢站","price":null,"guns":2,"idle":2,"using":0,"open":"-","pressure":"35MPA","useType":0,"status":1,"score":"5.0分"},"geometry":{"type":"Point","coordinates":[109.978427,41.789366]}},{"type":"Feature","properties":{"id":650,"name":"内蒙古汇能正和新能源有限公司","price":25,"guns":11,"idle":5,"using":6,"open":"00:00-23:59","pressure":"35MPA","useType":1,"status":1,"score":"5.0分"},"geometry":{"type":"Point","coordinates":[110.406665,39.386333]}},{"type":"Feature","properties":{"id":3411,"name":"中牟县信合能源有限公司万洪路综合能源站","price":35,"guns":2,"idle":2,"using":0,"open":"00:00-23:59","pressure":"35MPA","useType":1,"status":1,"score":"5.0分"},"geometry":{"type":"Point","coordinates":[113.95252,34.69203]}},{"type":"Feature","properties":{"id":111,"name":"宇通融佳站","price":35,"guns":1,"idle":1,"using":0,"open":"00:00-23:59","pressure":"35MPA","useType":0,"status":1,"score":"5.0分"},"geometry":{"type":"Point","coordinates":[113.560796,34.780568]}},{"type":"Feature","properties":{"id":102,"name":"宇通帝丰站","price":35,"guns":1,"idle":1,"using":0,"open":"00:00-23:59","pressure":"35MPA","useType":0,"status":1,"score":"5.0分"},"geometry":{"type":"Point","coordinates":[113.609085,34.665021]}},{"type":"Feature","properties":{"id":95,"name":"开元化工加氢站","price":35,"guns":1,"idle":1,"using":0,"open":"08:00-20:00","pressure":"35MPA","useType":1,"status":1,"score":"5.0分"},"geometry":{"type":"Point","coordinates":[113.126683,35.239641]}},{"type":"Feature","properties":{"id":140,"name":"河南淄翎充电站加氢站","price":35,"guns":1,"idle":1,"using":0,"open":"00:00-23:59","pressure":"35MPA","useType":1,"status":1,"score":"5.0分"},"geometry":{"type":"Point","coordinates":[113.5291,34.78151]}},{"type":"Feature","properties":{"id":202,"name":"河南金马氢能有限公司登封市郭家洼加氢站","price":33,"guns":1,"idle":1,"using":0,"open":"00:00-23:59","pressure":"35MPA","useType":1,"status":1,"score":"5.0分"},"geometry":{"type":"Point","coordinates":[113.501648,34.790937]}},{"type":"Feature","properties":{"id":188,"name":"河南金马氢能有限公司巩义市河洛加氢站","price":33,"guns":1,"idle":1,"using":0,"open":"00:00-23:59","pressure":"35MPA","useType":1,"status":1,"score":"5.0分"},"geometry":{"type":"Point","coordinates":[113.501469,34.791214]}},{"type":"Feature","properties":{"id":136,"name":"河南金马氢能有限公司化工路加氢站","price":35,"guns":2,"idle":1,"using":1,"open":"00:00-23:59","pressure":"35MPA","useType":1,"status":1,"score":"5.0分"},"geometry":{"type":"Point","coordinates":[113.500912,34.79067]}},{"type":"Feature","properties":{"id":3016,"name":"国华投资巴图塔加氢站","price":null,"guns":1,"idle":1,"using":0,"open":"-","pressure":"35MPA","useType":1,"status":1,"score":"5.0分"},"geometry":{"type":"Point","coordinates":[110.101397,39.550385]}},{"type":"Feature","properties":{"id":2987,"name":"沛县经济开发区综合能源站","price":null,"guns":1,"idle":1,"using":0,"open":"-","pressure":"35MPA","useType":1,"status":1,"score":"5.0分"},"geometry":{"type":"Point","coordinates":[117.243135,34.186085]}},{"type":"Feature","properties":{"id":2988,"name":"徐州兴华加油加氢站","price":null,"guns":2,"idle":2,"using":0,"open":"-","pressure":"35MPA","useType":1,"status":1,"score":"5.0分"},"geometry":{"type":"Point","coordinates":[117.243135,34.186085]}},{"type":"Feature","properties":{"id":3414,"name":"中国石化销售股份有限公司河南郑州石油分公司金柏路加气站","price":35,"guns":1,"idle":1,"using":0,"open":"00:00-23:59","pressure":"35MPA 70MPA","useType":1,"status":1,"score":"5.0分"},"geometry":{"type":"Point","coordinates":[113.47492,34.8103]}},{"type":"Feature","properties":{"id":3008,"name":"中国石油轩通路加油加氢站","price":35,"guns":2,"idle":2,"using":0,"open":"-","pressure":"35MPA","useType":0,"status":1,"score":"5.0分"},"geometry":{"type":"Point","coordinates":[123.562776,41.911798]}},{"type":"Feature","properties":{"id":629,"name":"亿桓氢能源科技航空港区加氢站","price":33,"guns":1,"idle":0,"using":1,"open":"00:00-23:59","pressure":"35MPA","useType":1,"status":1,"score":"5.0分"},"geometry":{"type":"Point","coordinates":[113.921968,34.543741]}},{"type":"Feature","properties":{"id":3410,"name":"郑州氢枫能源技术有限公司-二七区公明路加氢站","price":33,"guns":1,"idle":1,"using":0,"open":"00:00-23:59","pressure":"35MPA","useType":1,"status":1,"score":"5.0分"},"geometry":{"type":"Point","coordinates":[113.539857,34.699679]}},{"type":"Feature","properties":{"id":2927,"name":"郑州中石化郑州公明路站","price":35,"guns":1,"idle":1,"using":0,"open":"-","pressure":"35MPA","useType":1,"status":1,"score":"5.0分"},"geometry":{"type":"Point","coordinates":[113.539826,34.699497]}},{"type":"Feature","properties":{"id":2930,"name":"宇通淮河西路撬装式加氢站","price":35,"guns":2,"idle":2,"using":0,"open":"-","pressure":"35MPA","useType":0,"status":1,"score":"5.0分"},"geometry":{"type":"Point","coordinates":[113.534978,34.712981]}},{"type":"Feature","properties":{"id":96,"name":"郑州氢枫能源技术有限公司加氢站","price":35,"guns":1,"idle":0,"using":1,"open":"00:00-23:59","pressure":"35MPA","useType":1,"status":1,"score":"5.0分"},"geometry":{"type":"Point","coordinates":[113.535354,34.712759]}},{"type":"Feature","properties":{"id":640,"name":"亿桓氢能源科技兴筑加氢站","price":33,"guns":1,"idle":1,"using":0,"open":"00:00-23:59","pressure":"35MPA","useType":1,"status":1,"score":"5.0分"},"geometry":{"type":"Point","coordinates":[114.000993,34.42502]}},{"type":"Feature","properties":{"id":113,"name":"森思达新能源陇海西路加氢站","price":35,"guns":1,"idle":1,"using":0,"open":"06:00-23:50","pressure":"35MPA","useType":1,"status":1,"score":"5.0分"},"geometry":{"type":"Point","coordinates":[113.491052,34.723352]}},{"type":"Feature","properties":{"id":120,"name":"森思达新能源正新加氢站","price":35,"guns":1,"idle":1,"using":0,"open":"00:00-23:59","pressure":"35MPA","useType":1,"status":1,"score":"5.0分"},"geometry":{"type":"Point","coordinates":[113.492621,34.72308]}},{"type":"Feature","properties":{"id":644,"name":"郑州航空港区吴村加氢站","price":33,"guns":1,"idle":1,"using":0,"open":"00:00-23:59","pressure":"35MPA","useType":1,"status":1,"score":"5.0分"},"geometry":{"type":"Point","coordinates":[113.903885,34.479362]}},{"type":"Feature","properties":{"id":3064,"name":"晋城晋煤加氢站","price":null,"guns":2,"idle":2,"using":0,"open":"-","pressure":"35MPA","useType":0,"status":1,"score":"5.0分"},"geometry":{"type":"Point","coordinates":[112.483934,35.466761]}},{"type":"Feature","properties":{"id":139,"name":"郑州氢枫能源技术有限公司巩义瑞达福加氢站","price":35,"guns":2,"idle":2,"using":0,"open":"00:00-23:59","pressure":"35MPA","useType":1,"status":1,"score":"5.0分"},"geometry":{"type":"Point","coordinates":[113.116446,34.785564]}},{"type":"Feature","properties":{"id":3409,"name":"郑州德润燃气有限公司","price":35,"guns":1,"idle":1,"using":0,"open":"00:00-23:59","pressure":"35MPA","useType":1,"status":1,"score":"5.0分"},"geometry":{"type":"Point","coordinates":[113.380454,34.512873]}},{"type":"Feature","properties":{"id":103,"name":"宇通新密德润站","price":35,"guns":1,"idle":1,"using":0,"open":"00:00-23:59","pressure":"35MPA","useType":0,"status":1,"score":"5.0分"},"geometry":{"type":"Point","coordinates":[113.380125,34.512937]}},{"type":"Feature","properties":{"id":3015,"name":"中国石化加油站(乌仁都西路站)","price":null,"guns":1,"idle":1,"using":0,"open":"-","pressure":"35MPA","useType":1,"status":1,"score":"5.0分"},"geometry":{"type":"Point","coordinates":[109.764115,39.661555]}},{"type":"Feature","properties":{"id":2973,"name":"板桥加氢站","price":30,"guns":2,"idle":2,"using":0,"open":"-","pressure":"35MPA","useType":1,"status":1,"score":"5.0分"},"geometry":{"type":"Point","coordinates":[119.430269,34.646763]}},{"type":"Feature","properties":{"id":2922,"name":"虎岭一号线油气电综合站","price":35,"guns":2,"idle":2,"using":0,"open":"-","pressure":"35MPA","useType":1,"status":1,"score":"5.0分"},"geometry":{"type":"Point","coordinates":[112.547969,35.062592]}},{"type":"Feature","properties":{"id":3013,"name":"内蒙古鄂尔多斯伊旗桥头站","price":25,"guns":1,"idle":1,"using":0,"open":"-","pressure":"35MPA","useType":1,"status":1,"score":"5.0分"},"geometry":{"type":"Point","coordinates":[109.741934,39.589952]}},{"type":"Feature","properties":{"id":214,"name":"巩义市鼎昌汽车运输有限公司","price":32,"guns":1,"idle":0,"using":1,"open":"00:00-23:59","pressure":"35MPA","useType":1,"status":1,"score":"5.0分"},"geometry":{"type":"Point","coordinates":[113.001419,34.702889]}},{"type":"Feature","properties":{"id":635,"name":"河南金瑞燃气有限公司济源虎岭一号线油气综合站","price":25,"guns":5,"idle":4,"using":1,"open":"00:00-23:59","pressure":"35MPA","useType":1,"status":1,"score":"5.0分"},"geometry":{"type":"Point","coordinates":[112.561162,35.059968]}},{"type":"Feature","properties":{"id":2923,"name":"金马氢能金瑞燃气加氢站","price":35,"guns":2,"idle":2,"using":0,"open":"-","pressure":"35MPA","useType":0,"status":1,"score":"5.0分"},"geometry":{"type":"Point","coordinates":[112.539308,35.05589]}},{"type":"Feature","properties":{"id":145,"name":"河南金瑞燃气有限公司南二环加氢站","price":25,"guns":4,"idle":2,"using":2,"open":"00:00-23:59","pressure":"35MPA","useType":1,"status":1,"score":"5.0分"},"geometry":{"type":"Point","coordinates":[112.539269,35.055763]}},{"type":"Feature","properties":{"id":87,"name":"阿镇加氢站","price":35,"guns":2,"idle":2,"using":0,"open":"08:30-17:30","pressure":"35MPA","useType":1,"status":1,"score":"5.0分"},"geometry":{"type":"Point","coordinates":[109.752807,39.559657]}},{"type":"Feature","properties":{"id":117,"name":"华久新能源综合能源站","price":35,"guns":4,"idle":4,"using":0,"open":"00:00-23:59","pressure":"35MPA","useType":1,"status":1,"score":"5.0分"},"geometry":{"type":"Point","coordinates":[112.554909,34.902221]}},{"type":"Feature","properties":{"id":2984,"name":"宿迁沭阳高新区加氢站","price":43,"guns":1,"idle":1,"using":0,"open":"-","pressure":"35MPA","useType":0,"status":1,"score":"5.0分"},"geometry":{"type":"Point","coordinates":[118.331809,33.92293]}},{"type":"Feature","properties":{"id":3080,"name":"陕西华秦振兴路加氢站","price":35,"guns":1,"idle":1,"using":0,"open":"-","pressure":"70MPA","useType":1,"status":1,"score":"5.0分"},"geometry":{"type":"Point","coordinates":[109.769867,38.219443]}},{"type":"Feature","properties":{"id":649,"name":"内蒙古圣圆氢能源科技有限公司伊金霍洛旗圣圆经九路新能源科技营业部","price":25,"guns":4,"idle":4,"using":0,"open":"00:00-23:59","pressure":"35MPA 70MPA","useType":1,"status":1,"score":"5.0分"},"geometry":{"type":"Point","coordinates":[109.53967,39.573192]}},{"type":"Feature","properties":{"id":3403,"name":"登封市博奥能源有限公司","price":33,"guns":1,"idle":1,"using":0,"open":"00:00-23:59","pressure":"35MPA","useType":1,"status":1,"score":"5.0分"},"geometry":{"type":"Point","coordinates":[112.990463,34.384857]}},{"type":"Feature","properties":{"id":3079,"name":"陕西氢能自用撬装（双河）加氢站","price":null,"guns":1,"idle":1,"using":0,"open":"-","pressure":"70MPA","useType":1,"status":1,"score":"5.0分"},"geometry":{"type":"Point","coordinates":[109.527614,38.155154]}},{"type":"Feature","properties":{"id":3066,"name":"天恒加氢站","price":25,"guns":2,"idle":2,"using":0,"open":"-","pressure":"35MPA","useType":0,"status":1,"score":"5.0分"},"geometry":{"type":"Point","coordinates":[111.458957,35.705312]}},{"type":"Feature","properties":{"id":3067,"name":"杭氧立恒气体加氢站","price":25,"guns":2,"idle":2,"using":0,"open":"-","pressure":"35MPA","useType":1,"status":1,"score":"5.0分"},"geometry":{"type":"Point","coordinates":[111.453634,35.700167]}},{"type":"Feature","properties":{"id":3002,"name":"中石化北方能源（大连）普湾综合能源站","price":20,"guns":1,"idle":1,"using":0,"open":"-","pressure":"35MPA","useType":1,"status":1,"score":"5.0分"},"geometry":{"type":"Point","coordinates":[121.845558,39.403303]}},{"type":"Feature","properties":{"id":194,"name":"中国石化洛阳红山加油加氢站","price":35,"guns":2,"idle":2,"using":0,"open":"00:00-23:59","pressure":"35MPA","useType":1,"status":1,"score":"5.0分"},"geometry":{"type":"Point","coordinates":[112.355896,34.709863]}},{"type":"Feature","properties":{"id":3435,"name":"中石化北方能源(大连)有限公司海明综合加能站","price":20,"guns":4,"idle":4,"using":0,"open":"00:00-23:59","pressure":"35MPA","useType":1,"status":1,"score":"5.0分"},"geometry":{"type":"Point","coordinates":[121.783915,39.169494]}},{"type":"Feature","properties":{"id":3005,"name":"中国石化海明综合加氢站","price":20,"guns":2,"idle":2,"using":0,"open":"-","pressure":"35MPA","useType":1,"status":1,"score":"5.0分"},"geometry":{"type":"Point","coordinates":[121.784124,39.16962]}},{"type":"Feature","properties":{"id":130,"name":"洛阳国苑运输加氢站","price":35,"guns":1,"idle":1,"using":0,"open":"00:00-23:59","pressure":"35MPA","useType":1,"status":1,"score":"5.0分"},"geometry":{"type":"Point","coordinates":[112.329936,34.652652]}},{"type":"Feature","properties":{"id":3433,"name":"中石化北方能源(大连)有限公司盛港综合加能站","price":20,"guns":4,"idle":4,"using":0,"open":"00:00-23:59","pressure":"35MPA","useType":1,"status":1,"score":"5.0分"},"geometry":{"type":"Point","coordinates":[121.841962,39.041405]}},{"type":"Feature","properties":{"id":3003,"name":"盛港氢电合建站","price":20,"guns":2,"idle":2,"using":0,"open":"-","pressure":"35MPA","useType":0,"status":1,"score":"5.0分"},"geometry":{"type":"Point","coordinates":[121.84782,39.048922]}},{"type":"Feature","properties":{"id":2989,"name":"江苏天堡加氢站","price":null,"guns":1,"idle":1,"using":0,"open":"-","pressure":"35MPA","useType":0,"status":1,"score":"5.0分"},"geometry":{"type":"Point","coordinates":[119.899576,34.055674]}},{"type":"Feature","properties":{"id":3000,"name":"北市加油加氢站","price":20,"guns":2,"idle":2,"using":0,"open":"-","pressure":"35MPA","useType":0,"status":1,"score":"5.0分"},"geometry":{"type":"Point","coordinates":[121.586036,38.992972]}},{"type":"Feature","properties":{"id":639,"name":"中国石化销售股份有限公司辽宁大连天元加油站","price":20,"guns":2,"idle":2,"using":0,"open":"00:00-23:59","pressure":"35MPA","useType":1,"status":1,"score":"5.0分"},"geometry":{"type":"Point","coordinates":[121.519016,38.985728]}},{"type":"Feature","properties":{"id":3014,"name":"伊颢新能源制氢加氢站","price":null,"guns":1,"idle":1,"using":0,"open":"-","pressure":"35MPA","useType":0,"status":1,"score":"5.0分"},"geometry":{"type":"Point","coordinates":[108.54421,40.013894]}},{"type":"Feature","properties":{"id":3077,"name":"韩城美源撬装加氢站","price":30,"guns":2,"idle":2,"using":0,"open":"-","pressure":"35MPA","useType":0,"status":1,"score":"5.0分"},"geometry":{"type":"Point","coordinates":[110.577827,35.619936]}},{"type":"Feature","properties":{"id":3004,"name":"兴京（沐与康）加氢站","price":20,"guns":1,"idle":1,"using":0,"open":"-","pressure":"35MPA","useType":1,"status":1,"score":"5.0分"},"geometry":{"type":"Point","coordinates":[125.03371,41.722426]}},{"type":"Feature","properties":{"id":3001,"name":"英歌石科学城加氢站","price":20,"guns":1,"idle":1,"using":0,"open":"-","pressure":"35MPA","useType":1,"status":0,"score":"5.0分"},"geometry":{"type":"Point","coordinates":[121.332246,38.870521]}},{"type":"Feature","properties":{"id":2991,"name":"盐东车用能源“四位一体”合建项目加氢站","price":null,"guns":1,"idle":1,"using":0,"open":"-","pressure":"35MPA","useType":1,"status":1,"score":"5.0分"},"geometry":{"type":"Point","coordinates":[120.292154,33.48313]}},{"type":"Feature","properties":{"id":2990,"name":"盐城剑彬——撬装加氢站","price":null,"guns":1,"idle":1,"using":0,"open":"-","pressure":"35MPA","useType":0,"status":1,"score":"5.0分"},"geometry":{"type":"Point","coordinates":[120.224254,33.364437]}},{"type":"Feature","properties":{"id":2815,"name":"六安霍邱白庙加氢站","price":null,"guns":2,"idle":2,"using":0,"open":"-","pressure":"35MPA","useType":1,"status":1,"score":"5.0分"},"geometry":{"type":"Point","coordinates":[115.945446,32.366218]}},{"type":"Feature","properties":{"id":3076,"name":"蒲化氢能利用充装站","price":null,"guns":2,"idle":2,"using":0,"open":"-","pressure":"35MPA","useType":0,"status":1,"score":"5.0分"},"geometry":{"type":"Point","coordinates":[109.728155,34.920254]}},{"type":"Feature","properties":{"id":2967,"name":"长发油氢合建站（长春超达）","price":null,"guns":1,"idle":1,"using":0,"open":"-","pressure":"35MPA","useType":1,"status":0,"score":"5.0分"},"geometry":{"type":"Point","coordinates":[125.224994,43.807728]}},{"type":"Feature","properties":{"id":2811,"name":"中国石化滁州全椒站前路加氢站","price":60,"guns":2,"idle":2,"using":0,"open":"-","pressure":"35MPA","useType":0,"status":0,"score":"5.0分"},"geometry":{"type":"Point","coordinates":[118.297703,32.072088]}},{"type":"Feature","properties":{"id":2965,"name":"长岭加氢母站","price":null,"guns":2,"idle":2,"using":0,"open":"-","pressure":"35MPA","useType":0,"status":1,"score":"5.0分"},"geometry":{"type":"Point","coordinates":[123.974374,44.281638]}},{"type":"Feature","properties":{"id":2993,"name":"扬州渡江综合能源站","price":46,"guns":2,"idle":2,"using":0,"open":"-","pressure":"35MPA","useType":0,"status":1,"score":"5.0分"},"geometry":{"type":"Point","coordinates":[119.450873,32.383921]}},{"type":"Feature","properties":{"id":2814,"name":"皖能综合能源港下塘梧桐大道站","price":60,"guns":1,"idle":1,"using":0,"open":"-","pressure":"35MPA","useType":1,"status":1,"score":"5.0分"},"geometry":{"type":"Point","coordinates":[117.250613,32.186286]}},{"type":"Feature","properties":{"id":2994,"name":"中石化扬州文昌西路综合能源服务站","price":46,"guns":2,"idle":2,"using":0,"open":"-","pressure":"35MPA","useType":0,"status":1,"score":"5.0分"},"geometry":{"type":"Point","coordinates":[119.351991,32.391592]}},{"type":"Feature","properties":{"id":2812,"name":"皖能龙塘综合能源港","price":60,"guns":2,"idle":2,"using":0,"open":"-","pressure":"35MPA","useType":0,"status":1,"score":"5.0分"},"geometry":{"type":"Point","coordinates":[117.442175,31.833812]}},{"type":"Feature","properties":{"id":184,"name":"金寨氢清新能源科技有限公司-中兴撬装站","price":57,"guns":1,"idle":1,"using":0,"open":"08:00-22:00","pressure":"35MPA","useType":1,"status":1,"score":"5.0分"},"geometry":{"type":"Point","coordinates":[115.926837,31.742923]}},{"type":"Feature","properties":{"id":2977,"name":"南通新生大道加油加氢站","price":null,"guns":2,"idle":2,"using":0,"open":"-","pressure":"35MPA","useType":1,"status":1,"score":"5.0分"},"geometry":{"type":"Point","coordinates":[120.557313,32.499677]}},{"type":"Feature","properties":{"id":2968,"name":"国家电投加氢站","price":null,"guns":2,"idle":2,"using":0,"open":"-","pressure":"35MPA","useType":0,"status":1,"score":"5.0分"},"geometry":{"type":"Point","coordinates":[125.48631,44.115483]}},{"type":"Feature","properties":{"id":213,"name":"乌海市双海新能源科技有限公司海南区西来峰加氢换氢综合站","price":35,"guns":2,"idle":2,"using":0,"open":"08:30-23:59","pressure":"35MPA","useType":1,"status":1,"score":"5.0分"},"geometry":{"type":"Point","coordinates":[106.909117,39.41659]}},{"type":"Feature","properties":{"id":72,"name":"中国石化销售股份有限公司内蒙古乌海石油分公司纬七街加氢站","price":56,"guns":2,"idle":2,"using":0,"open":"08:00-20:00","pressure":"35MPA","useType":1,"status":1,"score":"5.0分"},"geometry":{"type":"Point","coordinates":[106.84586,39.714173]}},{"type":"Feature","properties":{"id":2979,"name":"神华加氢站","price":null,"guns":2,"idle":2,"using":0,"open":"-","pressure":"35MPA 70MPA","useType":1,"status":1,"score":"5.0分"},"geometry":{"type":"Point","coordinates":[120.552034,32.419501]}},{"type":"Feature","properties":{"id":59,"name":"明天氢能金安加氢站","price":35,"guns":1,"idle":1,"using":0,"open":"08:30-21:00","pressure":"35MPA","useType":1,"status":0,"score":"5.0分"},"geometry":{"type":"Point","coordinates":[116.681795,31.77057]}},{"type":"Feature","properties":{"id":2813,"name":"合肥公交经开综合能源港","price":60,"guns":2,"idle":2,"using":0,"open":"00:00-23:59","pressure":"35MPA","useType":1,"status":1,"score":"5.0分"},"geometry":{"type":"Point","coordinates":[117.246348,31.760447]}},{"type":"Feature","properties":{"id":146,"name":"中国石化南山加油加氢站","price":35,"guns":1,"idle":1,"using":0,"open":"00:00-23:59","pressure":"35MPA","useType":1,"status":1,"score":"5.0分"},"geometry":{"type":"Point","coordinates":[116.561424,31.682876]}},{"type":"Feature","properties":{"id":70,"name":"乌海化工加氢站","price":35,"guns":4,"idle":4,"using":0,"open":"00:00-23:59","pressure":"35MPA","useType":0,"status":0,"score":"5.0分"},"geometry":{"type":"Point","coordinates":[106.832528,39.334963]}},{"type":"Feature","properties":{"id":2978,"name":"南通如皋宋庄加氢站","price":null,"guns":2,"idle":2,"using":0,"open":"-","pressure":"35MPA","useType":1,"status":1,"score":"5.0分"},"geometry":{"type":"Point","coordinates":[120.579466,32.377851]}},{"type":"Feature","properties":{"id":3075,"name":"渭南经开区加氢示范站","price":null,"guns":2,"idle":2,"using":0,"open":"-","pressure":"35MPA","useType":1,"status":1,"score":"5.0分"},"geometry":{"type":"Point","coordinates":[109.468051,34.517629]}},{"type":"Feature","properties":{"id":2975,"name":"溧水柘塘东加氢站","price":60,"guns":1,"idle":1,"using":0,"open":"-","pressure":"35MPA","useType":1,"status":1,"score":"5.0分"},"geometry":{"type":"Point","coordinates":[118.936075,31.746496]}},{"type":"Feature","properties":{"id":2976,"name":"溧水区撬装式加氢站","price":35,"guns":1,"idle":1,"using":0,"open":"-","pressure":"35MPA","useType":0,"status":1,"score":"5.0分"},"geometry":{"type":"Point","coordinates":[118.953735,31.709301]}},{"type":"Feature","properties":{"id":2817,"name":"华菱汽车撬装站","price":null,"guns":1,"idle":1,"using":0,"open":"-","pressure":"35MPA","useType":0,"status":1,"score":"5.0分"},"geometry":{"type":"Point","coordinates":[118.498576,31.61483]}},{"type":"Feature","properties":{"id":2963,"name":"吉林白城分布式分电制氢加氢一体示范站","price":null,"guns":1,"idle":1,"using":0,"open":"-","pressure":"35MPA","useType":1,"status":1,"score":"5.0分"},"geometry":{"type":"Point","coordinates":[122.892194,45.597635]}},{"type":"Feature","properties":{"id":2954,"name":"襄阳东风大道撬装加氢站","price":null,"guns":2,"idle":2,"using":0,"open":"-","pressure":"35MPA","useType":0,"status":1,"score":"5.0分"},"geometry":{"type":"Point","coordinates":[112.204923,32.128448]}},{"type":"Feature","properties":{"id":2816,"name":"中国石化雨山路加气加氢站","price":40,"guns":1,"idle":1,"using":0,"open":"-","pressure":"35MPA","useType":1,"status":1,"score":"5.0分"},"geometry":{"type":"Point","coordinates":[118.541884,31.672178]}},{"type":"Feature","properties":{"id":2964,"name":"白城华润加氢站","price":null,"guns":2,"idle":2,"using":0,"open":"-","pressure":"35MPA","useType":0,"status":0,"score":"5.0分"},"geometry":{"type":"Point","coordinates":[122.85751,45.627525]}},{"type":"Feature","properties":{"id":2941,"name":"随州加氢站","price":null,"guns":1,"idle":1,"using":0,"open":"-","pressure":"35MPA","useType":1,"status":1,"score":"5.0分"},"geometry":{"type":"Point","coordinates":[113.360074,31.775205]}},{"type":"Feature","properties":{"id":2983,"name":"张家港朝阳加氢站","price":48,"guns":2,"idle":2,"using":0,"open":"-","pressure":"35MPA","useType":0,"status":1,"score":"5.0分"},"geometry":{"type":"Point","coordinates":[120.38928,31.95414]}},{"type":"Feature","properties":{"id":2821,"name":"中国石化芜湖马饮桥加油加氢站","price":60,"guns":1,"idle":1,"using":0,"open":"06:00-22:00","pressure":"35MPA","useType":1,"status":1,"score":"5.0分"},"geometry":{"type":"Point","coordinates":[118.409413,31.297463]}},{"type":"Feature","properties":{"id":2819,"name":"中鼎芜湖厂内加氢站","price":null,"guns":1,"idle":1,"using":0,"open":"06:00-23:00","pressure":"35MPA","useType":1,"status":1,"score":"5.0分"},"geometry":{"type":"Point","coordinates":[118.505462,31.351438]}},{"type":"Feature","properties":{"id":2953,"name":"华润加氢加气（LNG)站","price":77,"guns":2,"idle":2,"using":0,"open":"-","pressure":"35MPA","useType":0,"status":1,"score":"5.0分"},"geometry":{"type":"Point","coordinates":[111.742341,32.220058]}},{"type":"Feature","properties":{"id":2995,"name":"苏州中车张家港氢能基地站","price":null,"guns":1,"idle":1,"using":0,"open":"-","pressure":"35MPA","useType":1,"status":1,"score":"5.0分"},"geometry":{"type":"Point","coordinates":[120.467692,31.945091]}},{"type":"Feature","properties":{"id":2974,"name":"中国石化南京高淳城北科技新城加油加氢站","price":60,"guns":2,"idle":2,"using":0,"open":"-","pressure":"35MPA","useType":1,"status":1,"score":"5.0分"},"geometry":{"type":"Point","coordinates":[118.884193,31.358509]}},{"type":"Feature","properties":{"id":2996,"name":"华昌化工加氢站","price":null,"guns":1,"idle":1,"using":0,"open":"-","pressure":"35MPA","useType":1,"status":1,"score":"5.0分"},"geometry":{"type":"Point","coordinates":[120.50448,31.96659]}},{"type":"Feature","properties":{"id":2985,"name":"惠山区堰裕路加气加氢合建站","price":null,"guns":1,"idle":1,"using":0,"open":"-","pressure":"35MPA","useType":1,"status":1,"score":"5.0分"},"geometry":{"type":"Point","coordinates":[120.317918,31.694027]}},{"type":"Feature","properties":{"id":2972,"name":"中石化常州加氢站 ","price":null,"guns":2,"idle":2,"using":0,"open":"-","pressure":"35MPA","useType":1,"status":1,"score":"5.0分"},"geometry":{"type":"Point","coordinates":[119.5471,31.707376]}},{"type":"Feature","properties":{"id":3078,"name":"陕西维纳氢能长庆加氢示范站","price":null,"guns":1,"idle":1,"using":0,"open":"-","pressure":"70MPA","useType":0,"status":1,"score":"5.0分"},"geometry":{"type":"Point","coordinates":[108.781222,34.366126]}},{"type":"Feature","properties":{"id":84,"name":"宝廷加氢站","price":25,"guns":2,"idle":2,"using":0,"open":"00:00-23:59","pressure":"35MPA","useType":1,"status":1,"score":"5.0分"},"geometry":{"type":"Point","coordinates":[106.684568,38.0781]}},{"type":"Feature","properties":{"id":487,"name":"宁夏宝廷新材料科技股份有限公司沙竹路加氢站","price":28,"guns":2,"idle":2,"using":0,"open":"00:00-23:59","pressure":"35MPA","useType":1,"status":1,"score":"5.0分"},"geometry":{"type":"Point","coordinates":[106.680884,38.076271]}},{"type":"Feature","properties":{"id":173,"name":"国能（宁夏宁东）绿氢能源有限公司枣泉加氢站","price":35,"guns":2,"idle":2,"using":0,"open":"08:00-20:00","pressure":"35MPA","useType":1,"status":1,"score":"5.0分"},"geometry":{"type":"Point","coordinates":[106.573613,38.158907]}},{"type":"Feature","properties":{"id":172,"name":"国能（宁夏宁东）绿氢能源有限公司永利加氢站","price":35,"guns":4,"idle":3,"using":1,"open":"08:00-20:00","pressure":"35MPA","useType":1,"status":1,"score":"5.0分"},"geometry":{"type":"Point","coordinates":[106.574986,38.161216]}},{"type":"Feature","properties":{"id":2982,"name":"东华港城加氢站","price":55,"guns":2,"idle":2,"using":0,"open":"-","pressure":"35MPA","useType":0,"status":1,"score":"5.0分"},"geometry":{"type":"Point","coordinates":[120.594148,31.901613]}},{"type":"Feature","properties":{"id":2949,"name":"华润燃气加气站(川龙大道站)","price":null,"guns":1,"idle":1,"using":0,"open":"-","pressure":"35MPA","useType":1,"status":0,"score":"5.0分"},"geometry":{"type":"Point","coordinates":[114.349615,30.874911]}},{"type":"Feature","properties":{"id":3021,"name":"宝丰太阳能电解制氢充装站","price":null,"guns":2,"idle":2,"using":0,"open":"-","pressure":"35MPA","useType":0,"status":1,"score":"5.0分"},"geometry":{"type":"Point","coordinates":[106.563767,38.239148]}},{"type":"Feature","properties":{"id":2986,"name":"无锡华润燃气硕放加氢站","price":25,"guns":1,"idle":1,"using":0,"open":"-","pressure":"35MPA","useType":0,"status":1,"score":"5.0分"},"geometry":{"type":"Point","coordinates":[120.434827,31.460923]}},{"type":"Feature","properties":{"id":2948,"name":"壳牌武汉盘龙综合能源站","price":35,"guns":2,"idle":2,"using":0,"open":"-","pressure":"35MPA","useType":1,"status":1,"score":"5.0分"},"geometry":{"type":"Point","coordinates":[114.345069,30.726909]}},{"type":"Feature","properties":{"id":2955,"name":"汉十高速孝感服务区加氢站（分南北两站）","price":null,"guns":1,"idle":1,"using":0,"open":"-","pressure":"35MPA","useType":1,"status":1,"score":"5.0分"},"geometry":{"type":"Point","coordinates":[113.983016,31.015093]}},{"type":"Feature","properties":{"id":190,"name":"苏州交投鑫能交通科技有限公司苏州公交平海路保养场加氢站","price":78,"guns":2,"idle":2,"using":0,"open":"00:00-23:59","pressure":"35MPA","useType":0,"status":0,"score":"5.0分"},"geometry":{"type":"Point","coordinates":[120.588044,31.346825]}},{"type":"Feature","properties":{"id":2969,"name":"诚志AP银河路加氢站","price":null,"guns":2,"idle":2,"using":0,"open":"-","pressure":"35MPA","useType":1,"status":1,"score":"5.0分"},"geometry":{"type":"Point","coordinates":[120.832548,31.584527]}},{"type":"Feature","properties":{"id":2970,"name":"丰田TMEC加氢站","price":null,"guns":1,"idle":1,"using":0,"open":"-","pressure":"70MPA","useType":0,"status":1,"score":"5.0分"},"geometry":{"type":"Point","coordinates":[120.857031,31.571241]}},{"type":"Feature","properties":{"id":2992,"name":"创咏加氢站","price":76,"guns":2,"idle":2,"using":0,"open":"-","pressure":"35MPA","useType":0,"status":1,"score":"5.0分"},"geometry":{"type":"Point","coordinates":[120.819069,31.583237]}},{"type":"Feature","properties":{"id":2849,"name":"中国石油加油加氢站(西峰东环路站)","price":59,"guns":1,"idle":1,"using":0,"open":"00:00-23:59","pressure":"35MPA 70MPA","useType":1,"status":1,"score":"5.0分"},"geometry":{"type":"Point","coordinates":[107.672806,35.705325]}},{"type":"Feature","properties":{"id":2952,"name":"中石化双龙加能站","price":null,"guns":1,"idle":1,"using":0,"open":"-","pressure":"35MPA","useType":1,"status":1,"score":"5.0分"},"geometry":{"type":"Point","coordinates":[114.632701,30.601662]}},{"type":"Feature","properties":{"id":2940,"name":"中国石化湖北十堰石油分公司阳光综合能源站","price":88,"guns":1,"idle":1,"using":0,"open":"-","pressure":"35MPA","useType":1,"status":1,"score":"5.0分"},"geometry":{"type":"Point","coordinates":[110.893773,32.56852]}},{"type":"Feature","properties":{"id":2971,"name":"常嘉氢加氢站 ","price":null,"guns":2,"idle":2,"using":0,"open":"-","pressure":"35MPA","useType":1,"status":1,"score":"5.0分"},"geometry":{"type":"Point","coordinates":[120.782272,31.596114]}},{"type":"Feature","properties":{"id":2997,"name":"嘉化氢能港城加氢站","price":55,"guns":2,"idle":2,"using":0,"open":"-","pressure":"35MPA","useType":1,"status":1,"score":"5.0分"},"geometry":{"type":"Point","coordinates":[120.782268,31.596109]}},{"type":"Feature","properties":{"id":2951,"name":"中国石化群力油氢综合能源站","price":35,"guns":1,"idle":1,"using":0,"open":"-","pressure":"35MPA","useType":1,"status":1,"score":"5.0分"},"geometry":{"type":"Point","coordinates":[114.501802,30.603038]}},{"type":"Feature","properties":{"id":2981,"name":"中石化江苏苏州苏福油氢合建站","price":null,"guns":1,"idle":1,"using":0,"open":"-","pressure":"35MPA","useType":1,"status":1,"score":"5.0分"},"geometry":{"type":"Point","coordinates":[120.544138,31.240332]}},{"type":"Feature","properties":{"id":2932,"name":"黄冈格罗夫加氢站","price":null,"guns":1,"idle":1,"using":0,"open":"-","pressure":"35MPA","useType":0,"status":1,"score":"5.0分"},"geometry":{"type":"Point","coordinates":[114.917848,30.419709]}},{"type":"Feature","properties":{"id":2933,"name":"南湖工业园加氢站（一期）（黄冈中极加氢站）","price":null,"guns":1,"idle":1,"using":0,"open":"-","pressure":"35MPA","useType":1,"status":1,"score":"5.0分"},"geometry":{"type":"Point","coordinates":[114.955893,30.436544]}},{"type":"Feature","properties":{"id":2944,"name":"中国石化氢能革新大道综合能源站","price":35,"guns":1,"idle":1,"using":0,"open":"-","pressure":"35MPA","useType":1,"status":1,"score":"5.0分"},"geometry":{"type":"Point","coordinates":[114.005227,30.664036]}},{"type":"Feature","properties":{"id":2950,"name":"宝武清能白玉山加氢站","price":null,"guns":1,"idle":1,"using":0,"open":"-","pressure":"35MPA","useType":0,"status":1,"score":"5.0分"},"geometry":{"type":"Point","coordinates":[114.485366,30.613976]}},{"type":"Feature","properties":{"id":2939,"name":"东风华神加氢站","price":null,"guns":1,"idle":1,"using":0,"open":"-","pressure":"35MPA","useType":0,"status":1,"score":"5.0分"},"geometry":{"type":"Point","coordinates":[110.879547,32.586628]}},{"type":"Feature","properties":{"id":3117,"name":"长兴氢能综合供能服务站","price":35,"guns":1,"idle":1,"using":0,"open":"-","pressure":"35MPA","useType":0,"status":1,"score":"5.0分"},"geometry":{"type":"Point","coordinates":[119.944845,30.992371]}},{"type":"Feature","properties":{"id":2848,"name":"庆阳市“四位一体”综合能源站","price":null,"guns":1,"idle":1,"using":0,"open":"-","pressure":"35MPA 70MPA","useType":1,"status":9,"score":"5.0分"},"geometry":{"type":"Point","coordinates":[107.653496,35.684061]}},{"type":"Feature","properties":{"id":2947,"name":"黄冈中极加氢站","price":null,"guns":1,"idle":1,"using":0,"open":"-","pressure":"35MPA","useType":0,"status":1,"score":"5.0分"},"geometry":{"type":"Point","coordinates":[114.610147,30.463304]}},{"type":"Feature","properties":{"id":2946,"name":"众宇铁龙加氢站","price":null,"guns":1,"idle":1,"using":0,"open":"-","pressure":"35MPA","useType":0,"status":1,"score":"5.0分"},"geometry":{"type":"Point","coordinates":[114.365263,30.460439]}},{"type":"Feature","properties":{"id":2818,"name":"大通工贸园加氢站","price":null,"guns":1,"idle":1,"using":0,"open":"-","pressure":"35MPA","useType":1,"status":1,"score":"5.0分"},"geometry":{"type":"Point","coordinates":[117.474446,30.542475]}},{"type":"Feature","properties":{"id":2942,"name":"武汉绿动氢能能源技术有限公司","price":null,"guns":2,"idle":2,"using":0,"open":"-","pressure":"35MPA","useType":0,"status":1,"score":"5.0分"},"geometry":{"type":"Point","coordinates":[114.080371,30.413597]}},{"type":"Feature","properties":{"id":161,"name":"中国石化加油加氢站","price":58,"guns":4,"idle":4,"using":0,"open":"07:00-23:00","pressure":"35MPA","useType":1,"status":1,"score":"5.0分"},"geometry":{"type":"Point","coordinates":[121.19116,31.346818]}},{"type":"Feature","properties":{"id":71,"name":"上海电驱动加氢站","price":35,"guns":1,"idle":1,"using":0,"open":"06:00-23:59","pressure":"35MPA","useType":1,"status":1,"score":"5.0分"},"geometry":{"type":"Point","coordinates":[121.19351,31.348873]}},{"type":"Feature","properties":{"id":2943,"name":"智慧城加氢站","price":null,"guns":2,"idle":2,"using":0,"open":"-","pressure":"35MPA","useType":0,"status":1,"score":"5.0分"},"geometry":{"type":"Point","coordinates":[114.142027,30.391672]}},{"type":"Feature","properties":{"id":2937,"name":"永兴加油加氢站","price":null,"guns":2,"idle":2,"using":0,"open":"-","pressure":"35MPA","useType":1,"status":1,"score":"5.0分"},"geometry":{"type":"Point","coordinates":[113.201081,30.980026]}},{"type":"Feature","properties":{"id":2980,"name":"中石油苏州昆山花桥综合能源站","price":null,"guns":1,"idle":1,"using":0,"open":"-","pressure":"35MPA","useType":1,"status":1,"score":"5.0分"},"geometry":{"type":"Point","coordinates":[121.119658,31.301627]}},{"type":"Feature","properties":{"id":2936,"name":"中石化湖北荆门双泉油氢合建站","price":null,"guns":1,"idle":1,"using":0,"open":"-","pressure":"35MPA","useType":1,"status":1,"score":"5.0分"},"geometry":{"type":"Point","coordinates":[112.221361,30.969286]}},{"type":"Feature","properties":{"id":2945,"name":"武汉汉南加氢站","price":70,"guns":2,"idle":2,"using":0,"open":"-","pressure":"35MPA","useType":0,"status":1,"score":"5.0分"},"geometry":{"type":"Point","coordinates":[114.069201,30.314742]}},{"type":"Feature","properties":{"id":65,"name":"上海江桥加氢站","price":45,"guns":2,"idle":2,"using":0,"open":"08:30-17:00","pressure":"35MPA","useType":1,"status":1,"score":"5.0分"},"geometry":{"type":"Point","coordinates":[121.318604,31.255112]}},{"type":"Feature","properties":{"id":88,"name":"舜华新能源滨江绿色交通综合能源站","price":70,"guns":2,"idle":2,"using":0,"open":"00:00-23:59","pressure":"35MPA","useType":1,"status":1,"score":"5.0分"},"geometry":{"type":"Point","coordinates":[121.165904,31.277251]}},{"type":"Feature","properties":{"id":3081,"name":"安亭加氢站","price":55,"guns":2,"idle":2,"using":0,"open":"-","pressure":"35MPA","useType":0,"status":1,"score":"5.0分"},"geometry":{"type":"Point","coordinates":[121.172378,31.283285]}},{"type":"Feature","properties":{"id":160,"name":"中国石化安智加油加氢站","price":58,"guns":4,"idle":4,"using":0,"open":"07:00-23:00","pressure":"35MPA","useType":1,"status":1,"score":"5.0分"},"geometry":{"type":"Point","coordinates":[121.185405,31.266688]}},{"type":"Feature","properties":{"id":2934,"name":"光谷东氢能奥体大道站","price":25,"guns":2,"idle":2,"using":0,"open":"-","pressure":"35MPA","useType":1,"status":1,"score":"5.0分"},"geometry":{"type":"Point","coordinates":[114.855985,30.24388]}},{"type":"Feature","properties":{"id":164,"name":"宝武清能上海宝氢加氢站","price":34.99,"guns":1,"idle":1,"using":0,"open":"08:00-08:00","pressure":"35MPA","useType":1,"status":1,"score":"5.0分"},"geometry":{"type":"Point","coordinates":[121.480928,31.409413]}},{"type":"Feature","properties":{"id":162,"name":"中石化卫家角加油加氢站","price":35,"guns":4,"idle":4,"using":0,"open":"07:00-23:00","pressure":"35MPA 70MPA","useType":1,"status":1,"score":"5.0分"},"geometry":{"type":"Point","coordinates":[121.31093,31.179279]}},{"type":"Feature","properties":{"id":3074,"name":"陕汽商用车撬装式加氢站","price":null,"guns":1,"idle":1,"using":0,"open":"-","pressure":"35MPA","useType":0,"status":1,"score":"5.0分"},"geometry":{"type":"Point","coordinates":[107.598224,34.28076]}},{"type":"Feature","properties":{"id":2935,"name":"大冶金山店综合能源站","price":25,"guns":2,"idle":2,"using":0,"open":"-","pressure":"35MPA","useType":1,"status":1,"score":"5.0分"},"geometry":{"type":"Point","coordinates":[114.827103,30.136492]}},{"type":"Feature","properties":{"id":3083,"name":"小氢汽车（上海）有限公司（站点）","price":null,"guns":2,"idle":2,"using":0,"open":"-","pressure":"35MPA 70MPA","useType":0,"status":1,"score":"5.0分"},"geometry":{"type":"Point","coordinates":[121.130553,31.155454]}},{"type":"Feature","properties":{"id":3437,"name":"中石化氢能源(上海)有限责任公司青浦兴路分公司","price":58,"guns":4,"idle":4,"using":0,"open":"07:00-23:00","pressure":"35MPA","useType":1,"status":1,"score":"5.0分"},"geometry":{"type":"Point","coordinates":[121.087098,31.127753]}},{"type":"Feature","properties":{"id":2820,"name":"芜湖新湾里加氢站","price":60,"guns":2,"idle":2,"using":0,"open":"-","pressure":"35MPA","useType":1,"status":1,"score":"5.0分"},"geometry":{"type":"Point","coordinates":[121.356799,31.117314]}},{"type":"Feature","properties":{"id":182,"name":"嘉兴市岗山路加油加气站","price":35,"guns":2,"idle":2,"using":0,"open":"05:00-21:00","pressure":"35MPA","useType":1,"status":1,"score":"5.0分"},"geometry":{"type":"Point","coordinates":[120.766246,30.805444]}},{"type":"Feature","properties":{"id":175,"name":"上海神力加氢站","price":68,"guns":2,"idle":2,"using":0,"open":"08:00-23:59","pressure":"35MPA","useType":1,"status":1,"score":"5.0分"},"geometry":{"type":"Point","coordinates":[121.469764,30.95824]}},{"type":"Feature","properties":{"id":201,"name":"嘉善县中国石化经营有限公司站前路加气站","price":35,"guns":4,"idle":3,"using":1,"open":"08:30-23:00","pressure":"35MPA","useType":0,"status":1,"score":"5.0分"},"geometry":{"type":"Point","coordinates":[120.942966,30.816946]}},{"type":"Feature","properties":{"id":3119,"name":"善通加油加氢站","price":35,"guns":2,"idle":2,"using":0,"open":"-","pressure":"35MPA","useType":0,"status":1,"score":"5.0分"},"geometry":{"type":"Point","coordinates":[120.947113,30.824341]}},{"type":"Feature","properties":{"id":3118,"name":"浙石油嘉善客运中心综合供能加氢站","price":35,"guns":1,"idle":1,"using":0,"open":"-","pressure":"35MPA","useType":0,"status":1,"score":"5.0分"},"geometry":{"type":"Point","coordinates":[120.981028,30.910137]}},{"type":"Feature","properties":{"id":180,"name":"奉贤区公交停保场加氢站","price":35,"guns":4,"idle":4,"using":0,"open":"00:00-23:59","pressure":"35MPA","useType":0,"status":1,"score":"5.0分"},"geometry":{"type":"Point","coordinates":[121.503969,30.909737]}},{"type":"Feature","properties":{"id":3125,"name":"中石化嘉兴桐乡绿能500KG加氢站","price":35,"guns":1,"idle":1,"using":0,"open":"-","pressure":"35MPA","useType":1,"status":1,"score":"5.0分"},"geometry":{"type":"Point","coordinates":[120.572755,30.610313]}},{"type":"Feature","properties":{"id":185,"name":"虹光（樱花）综合供能服务站","price":45,"guns":2,"idle":2,"using":0,"open":"08:00-18:00","pressure":"35MPA","useType":0,"status":1,"score":"5.0分"},"geometry":{"type":"Point","coordinates":[121.009362,30.76345]}},{"type":"Feature","properties":{"id":3123,"name":"平湖市兴工路加氢站","price":35,"guns":2,"idle":2,"using":0,"open":"-","pressure":"35MPA","useType":0,"status":1,"score":"5.0分"},"geometry":{"type":"Point","coordinates":[121.014293,30.760544]}},{"type":"Feature","properties":{"id":3122,"name":"平湖美锦曹桥加氢站","price":35,"guns":2,"idle":2,"using":0,"open":"-","pressure":"35MPA","useType":0,"status":1,"score":"5.0分"},"geometry":{"type":"Point","coordinates":[120.963527,30.691747]}},{"type":"Feature","properties":{"id":3124,"name":"平湖市金平湖大道加氢站","price":35,"guns":2,"idle":2,"using":0,"open":"-","pressure":"35MPA","useType":0,"status":1,"score":"5.0分"},"geometry":{"type":"Point","coordinates":[121.022575,30.682241]}},{"type":"Feature","properties":{"id":3438,"name":"上海氢驾能源科技有限公司","price":34.99,"guns":4,"idle":4,"using":0,"open":"00:00-23:59","pressure":"35MPA 70MPA","useType":1,"status":1,"score":"5.0分"},"geometry":{"type":"Point","coordinates":[121.465137,30.804372]}},{"type":"Feature","properties":{"id":168,"name":"上海化学工业区浦江特种气体加氢站","price":65,"guns":2,"idle":2,"using":0,"open":"00:00-23:59","pressure":"35MPA 70MPA","useType":1,"status":1,"score":"5.0分"},"geometry":{"type":"Point","coordinates":[121.464855,30.804671]}},{"type":"Feature","properties":{"id":85,"name":"驿蓝能源加氢站","price":35,"guns":8,"idle":8,"using":0,"open":"00:00-23:59","pressure":"35MPA 70MPA","useType":1,"status":1,"score":"5.0分"},"geometry":{"type":"Point","coordinates":[121.470942,30.813572]}},{"type":"Feature","properties":{"id":2938,"name":"潜江服务区北区加氢站","price":35,"guns":1,"idle":1,"using":0,"open":"-","pressure":"35MPA","useType":1,"status":1,"score":"5.0分"},"geometry":{"type":"Point","coordinates":[112.907926,30.379869]}},{"type":"Feature","properties":{"id":3120,"name":"嘉锦氢能加油加氢站","price":35,"guns":2,"idle":2,"using":0,"open":"-","pressure":"35MPA","useType":0,"status":1,"score":"5.0分"},"geometry":{"type":"Point","coordinates":[121.052371,30.646353]}},{"type":"Feature","properties":{"id":177,"name":"嘉锦亭桥北综合供能服务站","price":35,"guns":1,"idle":1,"using":0,"open":"08:00-19:00","pressure":"35MPA","useType":1,"status":1,"score":"5.0分"},"geometry":{"type":"Point","coordinates":[121.045933,30.640531]}},{"type":"Feature","properties":{"id":211,"name":"氢源嘉创东方氢港加氢站","price":35,"guns":4,"idle":4,"using":0,"open":"08:00-20:00","pressure":"35MPA","useType":1,"status":1,"score":"5.0分"},"geometry":{"type":"Point","coordinates":[121.049748,30.627599]}},{"type":"Feature","properties":{"id":196,"name":"空气化工产品（浙江）有限公司海盐经济开发区加氢站","price":35,"guns":637,"idle":637,"using":0,"open":"07:00-23:00","pressure":"35MPA","useType":1,"status":1,"score":"5.0分"},"geometry":{"type":"Point","coordinates":[121.01218,30.578184]}},{"type":"Feature","properties":{"id":3113,"name":"滨文路综合能源站","price":58,"guns":1,"idle":1,"using":0,"open":"-","pressure":"35MPA","useType":1,"status":1,"score":"5.0分"},"geometry":{"type":"Point","coordinates":[120.221574,30.173521]}},{"type":"Feature","properties":{"id":3121,"name":"美锦国鸿加氢站","price":35,"guns":1,"idle":1,"using":0,"open":"-","pressure":"35MPA","useType":0,"status":1,"score":"5.0分"},"geometry":{"type":"Point","coordinates":[121.07181,30.60382]}},{"type":"Feature","properties":{"id":183,"name":"中国石化滨海大道加油加氢站","price":35,"guns":5,"idle":5,"using":0,"open":"00:00-23:59","pressure":"35MPA 70MPA","useType":1,"status":1,"score":"5.0分"},"geometry":{"type":"Point","coordinates":[121.077445,30.602187]}},{"type":"Feature","properties":{"id":170,"name":"平霄路油氢合建站","price":35,"guns":4,"idle":4,"using":0,"open":"00:00-23:59","pressure":"35MPA","useType":1,"status":1,"score":"5.0分"},"geometry":{"type":"Point","coordinates":[121.762622,30.892557]}},{"type":"Feature","properties":{"id":174,"name":"同汇路综合服务站","price":35,"guns":4,"idle":4,"using":0,"open":"00:00-23:59","pressure":"35MPA","useType":1,"status":1,"score":"5.0分"},"geometry":{"type":"Point","coordinates":[121.885959,30.882066]}},{"type":"Feature","properties":{"id":2957,"name":"枝江西服务区加氢站","price":35,"guns":1,"idle":1,"using":0,"open":"-","pressure":"35MPA","useType":1,"status":1,"score":"5.0分"},"geometry":{"type":"Point","coordinates":[111.528145,30.549486]}},{"type":"Feature","properties":{"id":2998,"name":"中国石化城西港加油加氢站","price":35,"guns":2,"idle":2,"using":0,"open":"-","pressure":"35MPA","useType":1,"status":1,"score":"5.0分"},"geometry":{"type":"Point","coordinates":[115.883809,29.714077]}},{"type":"Feature","properties":{"id":3114,"name":"桥北综合供能服务站","price":35,"guns":1,"idle":1,"using":0,"open":"-","pressure":"35MPA","useType":0,"status":1,"score":"5.0分"},"geometry":{"type":"Point","coordinates":[119.006126,29.647598]}},{"type":"Feature","properties":{"id":2966,"name":"延边国泰加氢站（场内站）","price":null,"guns":1,"idle":1,"using":0,"open":"-","pressure":"35MPA","useType":0,"status":1,"score":"5.0分"},"geometry":{"type":"Point","coordinates":[129.378582,42.922206]}},{"type":"Feature","properties":{"id":3131,"name":"宁波绿动加氢站","price":35,"guns":1,"idle":1,"using":0,"open":"-","pressure":"35MPA","useType":0,"status":1,"score":"5.0分"},"geometry":{"type":"Point","coordinates":[121.569723,30.119452]}},{"type":"Feature","properties":{"id":2956,"name":"长江电力绿电绿氢示范项目","price":null,"guns":2,"idle":2,"using":0,"open":"-","pressure":"35MPA","useType":0,"status":1,"score":"5.0分"},"geometry":{"type":"Point","coordinates":[111.075955,30.836069]}},{"type":"Feature","properties":{"id":2960,"name":"中国石化云港路加油加氢站","price":null,"guns":2,"idle":2,"using":0,"open":"-","pressure":"35MPA","useType":1,"status":1,"score":"5.0分"},"geometry":{"type":"Point","coordinates":[113.224516,29.479261]}},{"type":"Feature","properties":{"id":3130,"name":"宁波慈溪氢电耦合直流微网示范项目","price":35,"guns":1,"idle":1,"using":0,"open":"-","pressure":"35MPA","useType":0,"status":1,"score":"5.0分"},"geometry":{"type":"Point","coordinates":[121.59894,30.080215]}},{"type":"Feature","properties":{"id":2959,"name":"中国石化岳阳枫桥湖加油加氢站","price":null,"guns":2,"idle":2,"using":0,"open":"-","pressure":"35MPA","useType":1,"status":1,"score":"5.0分"},"geometry":{"type":"Point","coordinates":[113.12768,29.384594]}},{"type":"Feature","properties":{"id":3134,"name":"中国石化镇海炼化加氢站","price":35,"guns":2,"idle":2,"using":0,"open":"-","pressure":"35MPA","useType":1,"status":1,"score":"5.0分"},"geometry":{"type":"Point","coordinates":[121.696744,29.976251]}},{"type":"Feature","properties":{"id":3115,"name":"安阳综合供能服务站","price":35,"guns":1,"idle":1,"using":0,"open":"-","pressure":"35MPA","useType":1,"status":1,"score":"5.0分"},"geometry":{"type":"Point","coordinates":[118.854863,29.442222]}},{"type":"Feature","properties":{"id":3116,"name":"乌石综合供能服务站","price":35,"guns":1,"idle":1,"using":0,"open":"-","pressure":"35MPA","useType":0,"status":1,"score":"5.0分"},"geometry":{"type":"Point","coordinates":[119.267496,29.313468]}},{"type":"Feature","properties":{"id":3126,"name":"磐安浙石油加氢站","price":35,"guns":1,"idle":1,"using":0,"open":"-","pressure":"35MPA","useType":0,"status":1,"score":"5.0分"},"geometry":{"type":"Point","coordinates":[120.747553,29.23427]}},{"type":"Feature","properties":{"id":3138,"name":"“水运港-船多能源融合技术及集成应用”示范应用工程综合能源站","price":35,"guns":1,"idle":1,"using":0,"open":"-","pressure":"35MPA","useType":0,"status":1,"score":"5.0分"},"geometry":{"type":"Point","coordinates":[122.042508,29.880013]}},{"type":"Feature","properties":{"id":3128,"name":"金华婺新油氢合建站","price":35,"guns":1,"idle":1,"using":0,"open":"-","pressure":"35MPA","useType":1,"status":1,"score":"5.0分"},"geometry":{"type":"Point","coordinates":[119.556296,29.087423]}},{"type":"Feature","properties":{"id":2847,"name":"兰石加氢岛","price":null,"guns":1,"idle":1,"using":0,"open":"-","pressure":"35MPA","useType":1,"status":1,"score":"5.0分"},"geometry":{"type":"Point","coordinates":[103.702939,36.493613]}},{"type":"Feature","properties":{"id":3127,"name":"武义县加氢站","price":35,"guns":1,"idle":1,"using":0,"open":"-","pressure":"35MPA","useType":1,"status":1,"score":"5.0分"},"geometry":{"type":"Point","coordinates":[119.793901,28.887268]}},{"type":"Feature","properties":{"id":3139,"name":"舟山六横加氢站","price":35,"guns":1,"idle":1,"using":0,"open":"-","pressure":"35MPA","useType":1,"status":1,"score":"5.0分"},"geometry":{"type":"Point","coordinates":[122.123469,29.750414]}},{"type":"Feature","properties":{"id":3133,"name":"丹城九顷综合供能服务站","price":35,"guns":1,"idle":1,"using":0,"open":"-","pressure":"35MPA","useType":1,"status":1,"score":"5.0分"},"geometry":{"type":"Point","coordinates":[121.868314,29.437986]}},{"type":"Feature","properties":{"id":3132,"name":"大目湾巨鹰路综合供能服务站","price":35,"guns":1,"idle":1,"using":0,"open":"-","pressure":"35MPA","useType":1,"status":1,"score":"5.0分"},"geometry":{"type":"Point","coordinates":[121.946081,29.426129]}},{"type":"Feature","properties":{"id":2958,"name":"常德中车新能源气氢合建站","price":null,"guns":1,"idle":1,"using":0,"open":"-","pressure":"35MPA","useType":1,"status":1,"score":"5.0分"},"geometry":{"type":"Point","coordinates":[111.699009,28.910772]}},{"type":"Feature","properties":{"id":3129,"name":"国网丽水加氢站","price":35,"guns":1,"idle":1,"using":0,"open":"-","pressure":"35MPA","useType":0,"status":1,"score":"5.0分"},"geometry":{"type":"Point","coordinates":[120.088254,28.697793]}},{"type":"Feature","properties":{"id":2961,"name":"三一绿电制氢加氢一体站","price":35,"guns":2,"idle":2,"using":0,"open":"-","pressure":"35MPA","useType":0,"status":1,"score":"5.0分"},"geometry":{"type":"Point","coordinates":[113.169549,28.221538]}},{"type":"Feature","properties":{"id":2999,"name":"吉利大道加氢站","price":null,"guns":2,"idle":2,"using":0,"open":"-","pressure":"35MPA","useType":0,"status":1,"score":"5.0分"},"geometry":{"type":"Point","coordinates":[117.915584,28.454187]}},{"type":"Feature","properties":{"id":3136,"name":"路桥二友加油加氢站","price":35,"guns":1,"idle":1,"using":0,"open":"-","pressure":"35MPA","useType":1,"status":1,"score":"5.0分"},"geometry":{"type":"Point","coordinates":[121.320026,28.559068]}},{"type":"Feature","properties":{"id":3135,"name":"聚英综合供能服务站","price":35,"guns":1,"idle":1,"using":0,"open":"-","pressure":"35MPA","useType":1,"status":1,"score":"5.0分"},"geometry":{"type":"Point","coordinates":[121.530105,28.613241]}},{"type":"Feature","properties":{"id":2962,"name":"株洲市天元区国家电投加氢加油充电站","price":null,"guns":1,"idle":1,"using":0,"open":"-","pressure":"35MPA","useType":1,"status":1,"score":"5.0分"},"geometry":{"type":"Point","coordinates":[113.042883,27.786338]}},{"type":"Feature","properties":{"id":3137,"name":"双屿加氢站","price":35,"guns":2,"idle":2,"using":0,"open":"-","pressure":"35MPA","useType":0,"status":1,"score":"5.0分"},"geometry":{"type":"Point","coordinates":[120.603711,28.018939]}},{"type":"Feature","properties":{"id":2931,"name":"七台河市冠军路综合能源示范站","price":null,"guns":2,"idle":2,"using":0,"open":"-","pressure":"35MPA","useType":1,"status":1,"score":"5.0分"},"geometry":{"type":"Point","coordinates":[130.97535,45.775624]}},{"type":"Feature","properties":{"id":3022,"name":"中石化氢装上阵海东物联产业园综合加能","price":null,"guns":2,"idle":2,"using":0,"open":"-","pressure":"35MPA","useType":0,"status":1,"score":"5.0分"},"geometry":{"type":"Point","coordinates":[101.986938,36.563543]}},{"type":"Feature","properties":{"id":2850,"name":"张掖市光储氢热综合应用示范项目综合加注站","price":null,"guns":1,"idle":1,"using":0,"open":"00:00-23:59","pressure":"35MPA","useType":0,"status":1,"score":"5.0分"},"geometry":{"type":"Point","coordinates":[100.522197,39.070294]}},{"type":"Feature","properties":{"id":3094,"name":"弘正能源官盛综合能源站","price":null,"guns":1,"idle":1,"using":0,"open":"-","pressure":"35MPA","useType":1,"status":1,"score":"5.0分"},"geometry":{"type":"Point","coordinates":[106.657346,30.414245]}},{"type":"Feature","properties":{"id":2851,"name":"张掖北三环加氢充电站","price":null,"guns":1,"idle":1,"using":0,"open":"-","pressure":"35MPA","useType":1,"status":1,"score":"5.0分"},"geometry":{"type":"Point","coordinates":[100.46058,38.96127]}},{"type":"Feature","properties":{"id":3093,"name":"东方锅炉德阳加氢站","price":null,"guns":1,"idle":1,"using":0,"open":"-","pressure":"35MPA","useType":0,"status":1,"score":"5.0分"},"geometry":{"type":"Point","coordinates":[104.366726,31.114863]}},{"type":"Feature","properties":{"id":2843,"name":"中国石化空港加气加氢站","price":25,"guns":2,"idle":2,"using":0,"open":"00:00-23:59","pressure":"35MPA","useType":1,"status":1,"score":"5.0分"},"geometry":{"type":"Point","coordinates":[106.65857,29.753997]}},{"type":"Feature","properties":{"id":2844,"name":"中国石油两江新区双溪综合能源站","price":25,"guns":1,"idle":1,"using":0,"open":"00:00-23:59","pressure":"35MPA","useType":1,"status":1,"score":"5.0分"},"geometry":{"type":"Point","coordinates":[106.759569,29.669022]}},{"type":"Feature","properties":{"id":2845,"name":"中国石化(长寿经开区LNG与加氢综合能源站)","price":25,"guns":2,"idle":2,"using":0,"open":"00:00-23:59","pressure":"35MPA","useType":0,"status":1,"score":"5.0分"},"geometry":{"type":"Point","coordinates":[107.025825,29.805445]}},{"type":"Feature","properties":{"id":2834,"name":"重庆两江加氢站","price":25,"guns":1,"idle":1,"using":0,"open":"-","pressure":"35MPA","useType":1,"status":1,"score":"5.0分"},"geometry":{"type":"Point","coordinates":[106.761795,29.636296]}},{"type":"Feature","properties":{"id":2838,"name":"南岸新田湾CNG加氢站","price":25,"guns":1,"idle":1,"using":0,"open":"00:00-23:59","pressure":"35MPA","useType":1,"status":1,"score":"5.0分"},"geometry":{"type":"Point","coordinates":[106.553335,29.531027]}},{"type":"Feature","properties":{"id":2839,"name":"重庆茶园加氢加油站","price":25,"guns":1,"idle":1,"using":0,"open":"-","pressure":"35MPA","useType":1,"status":1,"score":"5.0分"},"geometry":{"type":"Point","coordinates":[106.649468,29.4689]}},{"type":"Feature","properties":{"id":2830,"name":"重庆朝阳气体宗申园区加氢站","price":25,"guns":1,"idle":1,"using":0,"open":"-","pressure":"35MPA","useType":0,"status":1,"score":"5.0分"},"geometry":{"type":"Point","coordinates":[106.546084,29.43459]}},{"type":"Feature","properties":{"id":2841,"name":"沙坪坝丝路加氢站","price":25,"guns":1,"idle":1,"using":0,"open":"00:00-23:59","pressure":"35MPA","useType":1,"status":1,"score":"5.0分"},"geometry":{"type":"Point","coordinates":[106.399274,29.648804]}},{"type":"Feature","properties":{"id":2831,"name":"龙洲湾CNG加气站","price":25,"guns":1,"idle":1,"using":0,"open":"-","pressure":"35MPA","useType":1,"status":1,"score":"5.0分"},"geometry":{"type":"Point","coordinates":[106.540648,29.386884]}},{"type":"Feature","properties":{"id":2837,"name":"中国石化半山环道综合能源站","price":25,"guns":2,"idle":2,"using":0,"open":"00:00-23:59","pressure":"35MPA","useType":1,"status":1,"score":"5.0分"},"geometry":{"type":"Point","coordinates":[106.454162,29.488751]}},{"type":"Feature","properties":{"id":2842,"name":"城投能源产业大道综合能源加油加氢站","price":25,"guns":2,"idle":2,"using":0,"open":"00:00-23:59","pressure":"35MPA","useType":1,"status":1,"score":"5.0分"},"geometry":{"type":"Point","coordinates":[105.857258,30.148216]}},{"type":"Feature","properties":{"id":2832,"name":"巴南区南彭LNG加氢站","price":25,"guns":2,"idle":2,"using":0,"open":"00:00-23:59","pressure":"35MPA","useType":1,"status":1,"score":"5.0分"},"geometry":{"type":"Point","coordinates":[106.647466,29.333933]}},{"type":"Feature","properties":{"id":3088,"name":"东方氢能产业园综合能源站","price":null,"guns":1,"idle":1,"using":0,"open":"-","pressure":"35MPA","useType":1,"status":1,"score":"5.0分"},"geometry":{"type":"Point","coordinates":[103.914249,30.8196]}},{"type":"Feature","properties":{"id":3089,"name":"西源大道加氢加油站","price":30,"guns":2,"idle":2,"using":0,"open":"-","pressure":"35MPA","useType":1,"status":1,"score":"5.0分"},"geometry":{"type":"Point","coordinates":[103.86333,30.80151]}},{"type":"Feature","properties":{"id":3090,"name":"中国石化加油站(四川能投加氢站)","price":null,"guns":1,"idle":1,"using":0,"open":"-","pressure":"35MPA","useType":1,"status":1,"score":"5.0分"},"geometry":{"type":"Point","coordinates":[103.857922,30.795018]}},{"type":"Feature","properties":{"id":2836,"name":"九龙坡西彭综合能源站","price":25,"guns":2,"idle":2,"using":0,"open":"00:00-23:59","pressure":"35MPA","useType":1,"status":1,"score":"5.0分"},"geometry":{"type":"Point","coordinates":[106.327606,29.298998]}},{"type":"Feature","properties":{"id":3086,"name":"成都国氢华通龙泉驿加氢站","price":null,"guns":2,"idle":2,"using":0,"open":"-","pressure":"35MPA","useType":1,"status":1,"score":"5.0分"},"geometry":{"type":"Point","coordinates":[104.191005,30.537005]}},{"type":"Feature","properties":{"id":3091,"name":"中国石油加油加氢站(古城站)","price":30,"guns":2,"idle":2,"using":0,"open":"-","pressure":"35MPA","useType":1,"status":1,"score":"5.0分"},"geometry":{"type":"Point","coordinates":[103.924891,30.891855]}},{"type":"Feature","properties":{"id":2835,"name":"江津双宝氢能综合能源站","price":25,"guns":1,"idle":1,"using":0,"open":"00:00-23:59","pressure":"35MPA","useType":1,"status":1,"score":"5.0分"},"geometry":{"type":"Point","coordinates":[106.287627,29.24518]}},{"type":"Feature","properties":{"id":3085,"name":"中国石化加油加氢站(天府机场服务区北站)","price":30,"guns":1,"idle":1,"using":0,"open":"-","pressure":"35MPA","useType":1,"status":1,"score":"5.0分"},"geometry":{"type":"Point","coordinates":[104.315735,30.39073]}},{"type":"Feature","properties":{"id":3084,"name":"中国石化加油加氢站(天府机场服务区南站)","price":30,"guns":1,"idle":1,"using":0,"open":"-","pressure":"35MPA","useType":1,"status":1,"score":"5.0分"},"geometry":{"type":"Point","coordinates":[104.31816,30.387721]}},{"type":"Feature","properties":{"id":2833,"name":"大足三驱综合能源站（鸿荣能源加油加气站）","price":25,"guns":1,"idle":1,"using":0,"open":"00:00-23:59","pressure":"35MPA","useType":1,"status":1,"score":"5.0分"},"geometry":{"type":"Point","coordinates":[105.632863,29.636677]}},{"type":"Feature","properties":{"id":2846,"name":"长乐氨现场制氢加氢一体示范站","price":null,"guns":1,"idle":1,"using":0,"open":"-","pressure":"35MPA","useType":1,"status":1,"score":"5.0分"},"geometry":{"type":"Point","coordinates":[119.52,25.96]}},{"type":"Feature","properties":{"id":3092,"name":"成都燃气新创加气加油站","price":null,"guns":1,"idle":1,"using":0,"open":"-","pressure":"35MPA","useType":1,"status":1,"score":"5.0分"},"geometry":{"type":"Point","coordinates":[104.198661,30.808439]}},{"type":"Feature","properties":{"id":3098,"name":"中国石油(牙谷加油加气加氢站)","price":null,"guns":1,"idle":1,"using":0,"open":"-","pressure":"35MPA","useType":1,"status":1,"score":"5.0分"},"geometry":{"type":"Point","coordinates":[104.619244,30.067049]}},{"type":"Feature","properties":{"id":2840,"name":"中国石化綦江赶水停车区综合能源站","price":25,"guns":2,"idle":2,"using":0,"open":"00:00-23:59","pressure":"35MPA","useType":1,"status":1,"score":"5.0分"},"geometry":{"type":"Point","coordinates":[106.747415,28.691433]}},{"type":"Feature","properties":{"id":3087,"name":"道森能源西华加氢加油站","price":null,"guns":1,"idle":1,"using":0,"open":"-","pressure":"35MPA","useType":1,"status":1,"score":"5.0分"},"geometry":{"type":"Point","coordinates":[103.945173,30.789643]}},{"type":"Feature","properties":{"id":2884,"name":"韶钢产业园加氢站","price":30,"guns":2,"idle":2,"using":0,"open":"-","pressure":"35MPA","useType":1,"status":1,"score":"5.0分"},"geometry":{"type":"Point","coordinates":[113.634827,24.708186]}},{"type":"Feature","properties":{"id":2892,"name":"柳州博园加氢站","price":130,"guns":1,"idle":1,"using":0,"open":"-","pressure":"35MPA","useType":1,"status":1,"score":"5.0分"},"geometry":{"type":"Point","coordinates":[109.552309,24.426251]}},{"type":"Feature","properties":{"id":3434,"name":"广汽领程新能源商用车有限公司加氢站","price":28,"guns":1,"idle":1,"using":0,"open":"08:30-21:30","pressure":"35MPA","useType":1,"status":1,"score":"5.0分"},"geometry":{"type":"Point","coordinates":[113.529301,23.608154]}},{"type":"Feature","properties":{"id":2898,"name":"花冠路综合能源服务站","price":null,"guns":1,"idle":1,"using":0,"open":"-","pressure":"35MPA","useType":1,"status":1,"score":"5.0分"},"geometry":{"type":"Point","coordinates":[106.718949,26.499488]}},{"type":"Feature","properties":{"id":3140,"name":"云韬氢能良田加氢站","price":25.9,"guns":0,"idle":0,"using":0,"open":"00:00-23:59","pressure":"35MPA","useType":1,"status":1,"score":"5.0分"},"geometry":{"type":"Point","coordinates":[113.39813,23.360394]}},{"type":"Feature","properties":{"id":2877,"name":"广东金坑综合能源站","price":null,"guns":1,"idle":1,"using":0,"open":"-","pressure":"35MPA","useType":1,"status":1,"score":"5.0分"},"geometry":{"type":"Point","coordinates":[113.528321,23.259218]}},{"type":"Feature","properties":{"id":3427,"name":"中国石化销售股份有限公司广东广州金坑加油站","price":35,"guns":4,"idle":4,"using":0,"open":"00:00-00:00","pressure":"35MPA","useType":1,"status":1,"score":"5.0分"},"geometry":{"type":"Point","coordinates":[113.528329,23.259119]}},{"type":"Feature","properties":{"id":3387,"name":"石湖加氢站","price":28,"guns":2,"idle":2,"using":0,"open":"08:00-08:00","pressure":"35MPA","useType":1,"status":1,"score":"5.0分"},"geometry":{"type":"Point","coordinates":[113.333627,23.284815]}},{"type":"Feature","properties":{"id":2875,"name":"云韬氢能石湖加氢站","price":25.9,"guns":1,"idle":1,"using":0,"open":"00:00-23:59","pressure":"35MPA","useType":1,"status":1,"score":"5.0分"},"geometry":{"type":"Point","coordinates":[113.341358,23.290363]}},{"type":"Feature","properties":{"id":123,"name":"东明三路综合能源站","price":40,"guns":3,"idle":0,"using":3,"open":"08:00-23:59","pressure":"35MPA","useType":1,"status":1,"score":"5.0分"},"geometry":{"type":"Point","coordinates":[113.500595,23.164747]}},{"type":"Feature","properties":{"id":167,"name":"南岗加氢站","price":30,"guns":4,"idle":4,"using":0,"open":"00:00-23:59","pressure":"35MPA","useType":0,"status":0,"score":"5.0分"},"geometry":{"type":"Point","coordinates":[113.497171,23.160894]}},{"type":"Feature","properties":{"id":63,"name":"力康加氢站","price":35,"guns":2,"idle":2,"using":0,"open":"00:00-23:59","pressure":"35MPA","useType":0,"status":0,"score":"5.0分"},"geometry":{"type":"Point","coordinates":[113.496913,23.160642]}},{"type":"Feature","properties":{"id":61,"name":"东区加氢站","price":65,"guns":2,"idle":2,"using":0,"open":"00:00-23:59","pressure":"35MPA","useType":1,"status":0,"score":"5.0分"},"geometry":{"type":"Point","coordinates":[113.496913,23.160642]}},{"type":"Feature","properties":{"id":191,"name":"云韬氢能北太路加氢站","price":25.9,"guns":2,"idle":2,"using":0,"open":"00:00-23:59","pressure":"35MPA","useType":1,"status":1,"score":"5.0分"},"geometry":{"type":"Point","coordinates":[113.334147,23.295142]}},{"type":"Feature","properties":{"id":210,"name":"现代汽车氢燃料电池系统（广州）有限公司加氢站","price":1,"guns":1,"idle":1,"using":0,"open":"08:00-20:00","pressure":"35MPA","useType":1,"status":1,"score":"5.0分"},"geometry":{"type":"Point","coordinates":[113.474119,23.15027]}},{"type":"Feature","properties":{"id":3023,"name":"华电德令哈加氢站","price":null,"guns":2,"idle":2,"using":0,"open":"-","pressure":"35MPA","useType":0,"status":1,"score":"5.0分"},"geometry":{"type":"Point","coordinates":[97.277335,37.362728]}},{"type":"Feature","properties":{"id":3422,"name":"沙亭岗综合能源站","price":25.9,"guns":4,"idle":4,"using":0,"open":"00:00-00:00","pressure":"35MPA","useType":1,"status":1,"score":"5.0分"},"geometry":{"type":"Point","coordinates":[113.357233,23.314308]}},{"type":"Feature","properties":{"id":2868,"name":"润辉石油加油加氢站(虹岭路站)","price":null,"guns":2,"idle":2,"using":0,"open":"-","pressure":"35MPA","useType":1,"status":1,"score":"5.0分"},"geometry":{"type":"Point","coordinates":[113.023843,23.190733]}},{"type":"Feature","properties":{"id":62,"name":"新南加氢站","price":35,"guns":2,"idle":2,"using":0,"open":"00:00-23:59","pressure":"35MPA","useType":1,"status":0,"score":"5.0分"},"geometry":{"type":"Point","coordinates":[113.532888,23.128899]}},{"type":"Feature","properties":{"id":67,"name":"瀚蓝狮山桃园加氢站","price":35,"guns":2,"idle":2,"using":0,"open":"00:00-00:00","pressure":"35MPA","useType":1,"status":1,"score":"5.0分"},"geometry":{"type":"Point","coordinates":[112.990123,23.149226]}},{"type":"Feature","properties":{"id":2870,"name":"豪汇巨沛加油加氢站","price":null,"guns":2,"idle":2,"using":0,"open":"-","pressure":"35MPA","useType":1,"status":1,"score":"5.0分"},"geometry":{"type":"Point","coordinates":[112.966807,23.166596]}},{"type":"Feature","properties":{"id":2878,"name":"笔岗综合能源站","price":null,"guns":1,"idle":1,"using":0,"open":"-","pressure":"35MPA","useType":1,"status":1,"score":"5.0分"},"geometry":{"type":"Point","coordinates":[113.514055,23.107396]}},{"type":"Feature","properties":{"id":163,"name":"广东豪汇石油燃料有限公司加氢站","price":60,"guns":2,"idle":2,"using":0,"open":"00:00-23:59","pressure":"35MPA","useType":1,"status":1,"score":"5.0分"},"geometry":{"type":"Point","coordinates":[112.966368,23.166669]}},{"type":"Feature","properties":{"id":3430,"name":"佛山市南海集络石油有限公司","price":35,"guns":4,"idle":4,"using":0,"open":"00:00-23:59","pressure":"35MPA","useType":1,"status":1,"score":"5.0分"},"geometry":{"type":"Point","coordinates":[113.067232,23.146875]}},{"type":"Feature","properties":{"id":2867,"name":"佛山市南海集络石油加油加氢站","price":null,"guns":2,"idle":2,"using":0,"open":"-","pressure":"35MPA","useType":1,"status":1,"score":"5.0分"},"geometry":{"type":"Point","coordinates":[113.073788,23.152647]}},{"type":"Feature","properties":{"id":2876,"name":"中国石化加油加氢站(开泰北站)","price":40,"guns":1,"idle":1,"using":0,"open":"-","pressure":"35MPA","useType":1,"status":1,"score":"5.0分"},"geometry":{"type":"Point","coordinates":[113.491937,23.087452]}},{"type":"Feature","properties":{"id":3417,"name":"中国石化销售股份有限公司广东广州开泰北加油加气站","price":35,"guns":2,"idle":2,"using":0,"open":"00:00-23:59","pressure":"35MPA","useType":1,"status":1,"score":"5.0分"},"geometry":{"type":"Point","coordinates":[113.491835,23.087383]}},{"type":"Feature","properties":{"id":3412,"name":"石门黄金围加氢站","price":27.5,"guns":4,"idle":3,"using":1,"open":"08:00-08:00","pressure":"35MPA","useType":1,"status":1,"score":"5.0分"},"geometry":{"type":"Point","coordinates":[113.202848,23.234954]}},{"type":"Feature","properties":{"id":3420,"name":"石门黄金围加氢站2","price":27.5,"guns":2,"idle":2,"using":0,"open":"08:00-08:00","pressure":"35MPA","useType":1,"status":1,"score":"5.0分"},"geometry":{"type":"Point","coordinates":[113.202848,23.234954]}},{"type":"Feature","properties":{"id":166,"name":"锦江路加氢站","price":65,"guns":2,"idle":2,"using":0,"open":"08:00-23:59","pressure":"35MPA","useType":1,"status":1,"score":"5.0分"},"geometry":{"type":"Point","coordinates":[112.895225,23.160642]}},{"type":"Feature","properties":{"id":2866,"name":"美锦能源（佛山）氢能科技园加氢站","price":null,"guns":1,"idle":1,"using":0,"open":"-","pressure":"35MPA","useType":0,"status":1,"score":"5.0分"},"geometry":{"type":"Point","coordinates":[113.161489,23.236385]}},{"type":"Feature","properties":{"id":3431,"name":"佛山市南海途达石油有限公司","price":35,"guns":4,"idle":4,"using":0,"open":"00:00-23:59","pressure":"35MPA","useType":1,"status":1,"score":"5.0分"},"geometry":{"type":"Point","coordinates":[113.130212,23.258294]}},{"type":"Feature","properties":{"id":3428,"name":"佛山市南海贝诺石油有限公司","price":35,"guns":4,"idle":4,"using":0,"open":"08:00-22:00","pressure":"35MPA","useType":1,"status":1,"score":"5.0分"},"geometry":{"type":"Point","coordinates":[113.157502,23.241337]}},{"type":"Feature","properties":{"id":2863,"name":"叁谭石油加油加氢站(贝诺站)","price":null,"guns":2,"idle":2,"using":0,"open":"-","pressure":"35MPA","useType":1,"status":1,"score":"5.0分"},"geometry":{"type":"Point","coordinates":[113.158792,23.242661]}},{"type":"Feature","properties":{"id":69,"name":"瀚蓝狮山松岗禅炭路加氢站","price":35,"guns":2,"idle":1,"using":1,"open":"00:00-00:00","pressure":"35MPA","useType":1,"status":1,"score":"5.0分"},"geometry":{"type":"Point","coordinates":[113.100789,23.169303]}},{"type":"Feature","properties":{"id":165,"name":"广海西加氢站","price":60,"guns":4,"idle":4,"using":0,"open":"08:00-23:59","pressure":"35MPA","useType":1,"status":1,"score":"5.0分"},"geometry":{"type":"Point","coordinates":[112.860217,23.178013]}},{"type":"Feature","properties":{"id":3401,"name":"伊宏（新疆）能源科技有限公司淖毛湖综合能源站","price":20,"guns":5,"idle":5,"using":0,"open":"00:00-00:00","pressure":"35MPA","useType":1,"status":1,"score":"5.0分"},"geometry":{"type":"Point","coordinates":[94.67956,43.241562]}},{"type":"Feature","properties":{"id":3095,"name":"西昌月城加氢站","price":null,"guns":2,"idle":2,"using":0,"open":"-","pressure":"35MPA","useType":0,"status":1,"score":"5.0分"},"geometry":{"type":"Point","coordinates":[102.203063,27.906233]}},{"type":"Feature","properties":{"id":3423,"name":"宣力（新疆）氢能科技有限公司","price":20,"guns":8,"idle":8,"using":0,"open":"00:00-23:59","pressure":"35MPA","useType":1,"status":1,"score":"5.0分"},"geometry":{"type":"Point","coordinates":[95.010863,43.708152]}},{"type":"Feature","properties":{"id":3105,"name":"伊吾纳宇氢能加氢站","price":null,"guns":2,"idle":2,"using":0,"open":"-","pressure":"35MPA","useType":1,"status":1,"score":"5.0分"},"geometry":{"type":"Point","coordinates":[94.987781,43.756915]}},{"type":"Feature","properties":{"id":3104,"name":"汇申新能源加氢站","price":null,"guns":2,"idle":2,"using":0,"open":"-","pressure":"35MPA","useType":1,"status":1,"score":"5.0分"},"geometry":{"type":"Point","coordinates":[94.643861,43.891151]}},{"type":"Feature","properties":{"id":2900,"name":"钟山区高中教育城油氢电综合能源站","price":null,"guns":1,"idle":1,"using":0,"open":"-","pressure":"35MPA","useType":1,"status":1,"score":"5.0分"},"geometry":{"type":"Point","coordinates":[104.879089,26.569018]}},{"type":"Feature","properties":{"id":124,"name":"东晖加氢站","price":40,"guns":4,"idle":4,"using":0,"open":"00:00-23:59","pressure":"35MPA","useType":1,"status":1,"score":"5.0分"},"geometry":{"type":"Point","coordinates":[113.52077,23.070342]}},{"type":"Feature","properties":{"id":3424,"name":"龙泽路2号加氢站","price":26,"guns":2,"idle":2,"using":0,"open":"00:00-00:00","pressure":"35MPA","useType":1,"status":1,"score":"5.0分"},"geometry":{"type":"Point","coordinates":[113.479987,23.010969]}},{"type":"Feature","properties":{"id":3425,"name":"龙泽路1号加氢站","price":26,"guns":2,"idle":2,"using":0,"open":"00:00-00:00","pressure":"35MPA","useType":1,"status":1,"score":"5.0分"},"geometry":{"type":"Point","coordinates":[113.479483,23.010219]}},{"type":"Feature","properties":{"id":64,"name":"瑞晖加氢站","price":80,"guns":2,"idle":2,"using":0,"open":"00:00-23:59","pressure":"35MPA","useType":1,"status":1,"score":"5.0分"},"geometry":{"type":"Point","coordinates":[112.880054,23.089572]}},{"type":"Feature","properties":{"id":3416,"name":"化龙加氢站","price":26,"guns":2,"idle":2,"using":0,"open":"00:00-23:59","pressure":"35MPA","useType":1,"status":1,"score":"5.0分"},"geometry":{"type":"Point","coordinates":[113.439197,23.043901]}},{"type":"Feature","properties":{"id":2854,"name":"国联氢能塱沙加氢站","price":null,"guns":2,"idle":2,"using":0,"open":"-","pressure":"35MPA","useType":0,"status":0,"score":"5.0分"},"geometry":{"type":"Point","coordinates":[113.075019,23.053426]}},{"type":"Feature","properties":{"id":3432,"name":"海德利森（丹灶）加氢站","price":35,"guns":5,"idle":5,"using":0,"open":"09:00-17:30","pressure":"35MPA 70MPA","useType":1,"status":1,"score":"5.0分"},"geometry":{"type":"Point","coordinates":[112.924414,23.052342]}},{"type":"Feature","properties":{"id":2859,"name":"中国石化紫洞加油加氢站","price":null,"guns":2,"idle":2,"using":0,"open":"-","pressure":"35MPA","useType":1,"status":1,"score":"5.0分"},"geometry":{"type":"Point","coordinates":[113.021238,23.029728]}},{"type":"Feature","properties":{"id":2857,"name":"中国石化禅城佛西加氢站","price":38,"guns":2,"idle":2,"using":0,"open":"-","pressure":"35MPA","useType":1,"status":1,"score":"5.0分"},"geometry":{"type":"Point","coordinates":[113.081899,23.051901]}},{"type":"Feature","properties":{"id":2858,"name":"佛山罗格加油加氢合建站","price":65,"guns":2,"idle":2,"using":0,"open":"-","pressure":"35MPA","useType":0,"status":1,"score":"5.0分"},"geometry":{"type":"Point","coordinates":[113.023301,22.998661]}},{"type":"Feature","properties":{"id":3419,"name":"琶洲加氢站","price":26,"guns":2,"idle":2,"using":0,"open":"00:00-00:00","pressure":"35MPA","useType":1,"status":1,"score":"5.0分"},"geometry":{"type":"Point","coordinates":[113.400113,23.089041]}},{"type":"Feature","properties":{"id":2853,"name":"东莞东发油氢合建站","price":null,"guns":1,"idle":1,"using":0,"open":"-","pressure":"35MPA","useType":1,"status":1,"score":"5.0分"},"geometry":{"type":"Point","coordinates":[113.679436,22.974574]}},{"type":"Feature","properties":{"id":2856,"name":"中国石化河滘油氢合建站","price":null,"guns":2,"idle":2,"using":0,"open":"-","pressure":"35MPA","useType":1,"status":1,"score":"5.0分"},"geometry":{"type":"Point","coordinates":[113.062293,22.943027]}},{"type":"Feature","properties":{"id":2871,"name":"中国石化樟坑加油加氢站","price":35,"guns":2,"idle":2,"using":0,"open":"-","pressure":"35MPA","useType":1,"status":1,"score":"5.0分"},"geometry":{"type":"Point","coordinates":[113.00464,22.929317]}},{"type":"Feature","properties":{"id":89,"name":"臻盛车生活广场岭南车天地加油加氢站","price":75,"guns":2,"idle":2,"using":0,"open":"00:00-23:59","pressure":"35MPA","useType":1,"status":1,"score":"5.0分"},"geometry":{"type":"Point","coordinates":[113.166627,23.087238]}},{"type":"Feature","properties":{"id":2864,"name":"普特氢能加氢站（佛山南海加氢站）","price":null,"guns":1,"idle":1,"using":0,"open":"08:00-23:00","pressure":"35MPA","useType":1,"status":1,"score":"5.0分"},"geometry":{"type":"Point","coordinates":[113.166645,23.084504]}},{"type":"Feature","properties":{"id":2869,"name":"宇成能源加油加氢站‌","price":null,"guns":1,"idle":1,"using":0,"open":"-","pressure":"35MPA","useType":1,"status":1,"score":"5.0分"},"geometry":{"type":"Point","coordinates":[113.144747,23.111382]}},{"type":"Feature","properties":{"id":2862,"name":"安杰加油加氢站","price":35,"guns":2,"idle":2,"using":0,"open":"-","pressure":"35MPA","useType":1,"status":1,"score":"5.0分"},"geometry":{"type":"Point","coordinates":[113.130637,23.083587]}},{"type":"Feature","properties":{"id":2885,"name":"凯豪达制氢加氢站","price":65,"guns":2,"idle":2,"using":0,"open":"-","pressure":"35MPA","useType":0,"status":1,"score":"5.0分"},"geometry":{"type":"Point","coordinates":[114.073574,22.696182]}},{"type":"Feature","properties":{"id":2855,"name":"佛罗路佛汽加氢站","price":null,"guns":2,"idle":2,"using":0,"open":"-","pressure":"35MPA","useType":0,"status":0,"score":"5.0分"},"geometry":{"type":"Point","coordinates":[113.102206,23.053645]}},{"type":"Feature","properties":{"id":92,"name":"佛汽集团城北汽车加氢站","price":70,"guns":2,"idle":2,"using":0,"open":"00:00-23:59","pressure":"35MPA","useType":1,"status":1,"score":"5.0分"},"geometry":{"type":"Point","coordinates":[113.106062,23.056063]}},{"type":"Feature","properties":{"id":2895,"name":"中石化广西梧州南岸站","price":null,"guns":1,"idle":1,"using":0,"open":"-","pressure":"35MPA","useType":1,"status":1,"score":"5.0分"},"geometry":{"type":"Point","coordinates":[111.277203,23.458247]}},{"type":"Feature","properties":{"id":481,"name":"国联氢能加氢站(轨道站)","price":55,"guns":6,"idle":6,"using":0,"open":"00:00-23:59","pressure":"35MPA","useType":1,"status":0,"score":"5.0分"},"geometry":{"type":"Point","coordinates":[112.862989,22.952311]}},{"type":"Feature","properties":{"id":212,"name":"瀚蓝（佛山）新能源运营有限公司南海桂城三龙湾大道加氢站","price":55,"guns":2,"idle":1,"using":1,"open":"00:00-23:59","pressure":"35MPA","useType":1,"status":1,"score":"5.0分"},"geometry":{"type":"Point","coordinates":[113.24094,23.006809]}},{"type":"Feature","properties":{"id":2865,"name":"海德利森丹灶加氢站","price":35,"guns":3,"idle":3,"using":0,"open":"-","pressure":"35MPA 70MPA","useType":0,"status":1,"score":"5.0分"},"geometry":{"type":"Point","coordinates":[112.930858,23.058674]}},{"type":"Feature","properties":{"id":3402,"name":"广州番禺中氢顺答汽车发展有限公司-番禺加氢站","price":28,"guns":4,"idle":3,"using":1,"open":"00:00-23:59","pressure":"35MPA","useType":1,"status":1,"score":"5.0分"},"geometry":{"type":"Point","coordinates":[113.384721,22.93634]}},{"type":"Feature","properties":{"id":158,"name":"四周能源加油加氢站（奔业能源综合站）","price":35,"guns":2,"idle":2,"using":0,"open":"00:00-23:59","pressure":"35MPA","useType":1,"status":1,"score":"5.0分"},"geometry":{"type":"Point","coordinates":[112.191692,23.047901]}},{"type":"Feature","properties":{"id":2880,"name":"南沙小虎岛电氢智慧能源站","price":null,"guns":2,"idle":2,"using":0,"open":"-","pressure":"35MPA","useType":0,"status":1,"score":"5.0分"},"geometry":{"type":"Point","coordinates":[113.541778,22.84836]}},{"type":"Feature","properties":{"id":2861,"name":"佛山沧江南路加油加氢站","price":null,"guns":2,"idle":2,"using":0,"open":"-","pressure":"35MPA","useType":1,"status":1,"score":"5.0分"},"geometry":{"type":"Point","coordinates":[112.863345,22.885047]}},{"type":"Feature","properties":{"id":480,"name":"佛山市高明区氢裕公交客运有限公司高明大道加氢站","price":55,"guns":2,"idle":2,"using":0,"open":"07:30-23:30","pressure":"35MPA","useType":1,"status":1,"score":"5.0分"},"geometry":{"type":"Point","coordinates":[112.894979,22.879894]}},{"type":"Feature","properties":{"id":68,"name":"瀚蓝九江大道加氢站","price":35,"guns":2,"idle":2,"using":0,"open":"00:00-00:00","pressure":"35MPA","useType":1,"status":1,"score":"5.0分"},"geometry":{"type":"Point","coordinates":[113.01844,22.847357]}},{"type":"Feature","properties":{"id":2852,"name":"东莞能源加氢站(沙田大道站)","price":50,"guns":2,"idle":2,"using":0,"open":"-","pressure":"35MPA","useType":0,"status":1,"score":"5.0分"},"geometry":{"type":"Point","coordinates":[113.628755,22.892098]}},{"type":"Feature","properties":{"id":121,"name":"南庄制氢加氢加气一体化站","price":39,"guns":2,"idle":2,"using":0,"open":"00:00-23:59","pressure":"35MPA","useType":0,"status":0,"score":"5.0分"},"geometry":{"type":"Point","coordinates":[113.112266,23.012252]}},{"type":"Feature","properties":{"id":2886,"name":"南山龙珠源加氢站","price":null,"guns":2,"idle":2,"using":0,"open":"-","pressure":"35MPA","useType":1,"status":1,"score":"5.0分"},"geometry":{"type":"Point","coordinates":[113.982866,22.568386]}},{"type":"Feature","properties":{"id":2872,"name":"顺德大良五沙加油加氢站","price":null,"guns":1,"idle":1,"using":0,"open":"00:00-23:59","pressure":"35MPA","useType":1,"status":1,"score":"5.0分"},"geometry":{"type":"Point","coordinates":[113.371648,22.810333]}},{"type":"Feature","properties":{"id":2860,"name":"佛燃能源明城综合能源供应站","price":null,"guns":1,"idle":1,"using":0,"open":"-","pressure":"35MPA","useType":1,"status":1,"score":"5.0分"},"geometry":{"type":"Point","coordinates":[112.706912,22.878865]}},{"type":"Feature","properties":{"id":2879,"name":"广汽丰田加氢站","price":null,"guns":1,"idle":1,"using":0,"open":"-","pressure":"70MPA","useType":0,"status":1,"score":"5.0分"},"geometry":{"type":"Point","coordinates":[113.497199,22.838087]}},{"type":"Feature","properties":{"id":2889,"name":"云浮思劳加氢站（国鸿云浮加氢站）","price":65,"guns":1,"idle":1,"using":0,"open":"-","pressure":"35MPA","useType":1,"status":1,"score":"5.0分"},"geometry":{"type":"Point","coordinates":[112.245584,22.919532]}},{"type":"Feature","properties":{"id":125,"name":"妈湾电厂制氢加氢一体站","price":55,"guns":2,"idle":2,"using":0,"open":"00:00-23:59","pressure":"35MPA","useType":0,"status":1,"score":"5.0分"},"geometry":{"type":"Point","coordinates":[113.878614,22.479474]}},{"type":"Feature","properties":{"id":2873,"name":"强劲新能源氢气加气站","price":55,"guns":1,"idle":1,"using":0,"open":"00:00-23:59","pressure":"35MPA","useType":1,"status":1,"score":"5.0分"},"geometry":{"type":"Point","coordinates":[113.235165,22.867128]}},{"type":"Feature","properties":{"id":2874,"name":"顺德兴顺加氢加气站","price":null,"guns":1,"idle":1,"using":0,"open":"00:00-23:59","pressure":"35MPA","useType":1,"status":1,"score":"5.0分"},"geometry":{"type":"Point","coordinates":[113.32363,22.744689]}},{"type":"Feature","properties":{"id":3102,"name":"中国石化香港凹头加氢站","price":100,"guns":2,"idle":2,"using":0,"open":"-","pressure":"35MPA 70MPA","useType":1,"status":1,"score":"5.0分"},"geometry":{"type":"Point","coordinates":[114.055099,22.440932]}},{"type":"Feature","properties":{"id":2888,"name":"冠德石油兆通加氢加油站","price":null,"guns":1,"idle":1,"using":0,"open":"00:00-23:59","pressure":"35MPA","useType":1,"status":1,"score":"5.0分"},"geometry":{"type":"Point","coordinates":[112.016907,22.908406]}},{"type":"Feature","properties":{"id":181,"name":"顺风综合加氢站","price":54,"guns":4,"idle":4,"using":0,"open":"10:00-22:00","pressure":"35MPA","useType":1,"status":1,"score":"5.0分"},"geometry":{"type":"Point","coordinates":[113.274318,22.805429]}},{"type":"Feature","properties":{"id":82,"name":"嘉氢大洋广丰加氢站","price":80,"guns":2,"idle":2,"using":0,"open":"08:30-17:00","pressure":"35MPA","useType":1,"status":1,"score":"5.0分"},"geometry":{"type":"Point","coordinates":[113.348467,22.575856]}},{"type":"Feature","properties":{"id":2890,"name":"明阳氢能制储加一体化示范站","price":null,"guns":1,"idle":1,"using":0,"open":"-","pressure":"35MPA","useType":0,"status":1,"score":"5.0分"},"geometry":{"type":"Point","coordinates":[113.566391,22.547611]}},{"type":"Feature","properties":{"id":2887,"name":"云浮罗定加氢站","price":null,"guns":1,"idle":1,"using":0,"open":"-","pressure":"35MPA","useType":1,"status":1,"score":"5.0分"},"geometry":{"type":"Point","coordinates":[111.614769,22.775281]}},{"type":"Feature","properties":{"id":2881,"name":"开平市沣开加氢站","price":null,"guns":1,"idle":1,"using":0,"open":"-","pressure":"35MPA","useType":1,"status":1,"score":"5.0分"},"geometry":{"type":"Point","coordinates":[112.660978,22.443873]}},{"type":"Feature","properties":{"id":2893,"name":"中石化南宁龙腾路加氢站(新阳加氢站）","price":60,"guns":1,"idle":1,"using":0,"open":"-","pressure":"35MPA","useType":1,"status":1,"score":"5.0分"},"geometry":{"type":"Point","coordinates":[108.2964,22.81965]}},{"type":"Feature","properties":{"id":2894,"name":"广西石油南宁振兴加能站","price":null,"guns":2,"idle":2,"using":0,"open":"-","pressure":"35MPA","useType":1,"status":1,"score":"5.0分"},"geometry":{"type":"Point","coordinates":[108.272596,22.884787]}},{"type":"Feature","properties":{"id":2899,"name":"贵州石油双红油氢电综合能源站","price":66,"guns":2,"idle":2,"using":0,"open":"-","pressure":"35MPA","useType":1,"status":1,"score":"5.0分"},"geometry":{"type":"Point","coordinates":[104.665826,25.824414]}},{"type":"Feature","properties":{"id":2882,"name":"中石化茂名高水油氢合建站","price":null,"guns":2,"idle":2,"using":0,"open":"-","pressure":"35MPA","useType":1,"status":1,"score":"5.0分"},"geometry":{"type":"Point","coordinates":[110.978252,21.586926]}},{"type":"Feature","properties":{"id":2883,"name":"茂名石化氢燃料电池供氢中心项目","price":null,"guns":2,"idle":2,"using":0,"open":"-","pressure":"35MPA","useType":0,"status":1,"score":"5.0分"},"geometry":{"type":"Point","coordinates":[110.981614,21.581756]}},{"type":"Feature","properties":{"id":2896,"name":"百色伟鑫加油加氢站","price":60,"guns":2,"idle":2,"using":0,"open":"-","pressure":"35MPA","useType":1,"status":1,"score":"5.0分"},"geometry":{"type":"Point","coordinates":[106.671288,23.854623]}},{"type":"Feature","properties":{"id":3112,"name":"云能投花山氢能综合能源站","price":null,"guns":2,"idle":2,"using":0,"open":"-","pressure":"35MPA","useType":1,"status":1,"score":"5.0分"},"geometry":{"type":"Point","coordinates":[103.881178,25.745637]}},{"type":"Feature","properties":{"id":3096,"name":"中国石化马店河加氢站","price":25,"guns":2,"idle":2,"using":0,"open":"-","pressure":"35MPA","useType":1,"status":1,"score":"5.0分"},"geometry":{"type":"Point","coordinates":[101.86384,26.498129]}},{"type":"Feature","properties":{"id":3097,"name":"四川能投格里坪综合能源站","price":null,"guns":2,"idle":2,"using":0,"open":"-","pressure":"35MPA","useType":1,"status":1,"score":"5.0分"},"geometry":{"type":"Point","coordinates":[101.511102,26.604637]}},{"type":"Feature","properties":{"id":3110,"name":"云南可再生能源制储氢试验装置及氢燃料应急发电系统试制项目","price":null,"guns":2,"idle":2,"using":0,"open":"-","pressure":"35MPA","useType":0,"status":1,"score":"5.0分"},"geometry":{"type":"Point","coordinates":[102.852676,24.949674]}},{"type":"Feature","properties":{"id":3111,"name":"中国石化(环城东路北加油加氢站)","price":35,"guns":2,"idle":2,"using":0,"open":"-","pressure":"35MPA","useType":1,"status":1,"score":"5.0分"},"geometry":{"type":"Point","coordinates":[100.281763,26.856589]}},{"type":"Feature","properties":{"id":2903,"name":"海口光伏制氢及高压加氢一体站","price":null,"guns":2,"idle":2,"using":0,"open":"-","pressure":"35MPA 70MPA","useType":1,"status":1,"score":"5.0分"},"geometry":{"type":"Point","coordinates":[110.319399,19.995677]}},{"type":"Feature","properties":{"id":2904,"name":"海口龙桥西综合能源补给示范站","price":null,"guns":1,"idle":1,"using":0,"open":"-","pressure":"35MPA","useType":1,"status":1,"score":"5.0分"},"geometry":{"type":"Point","coordinates":[110.361834,19.919324]}},{"type":"Feature","properties":{"id":2901,"name":"海南洋浦炼化加氢站","price":null,"guns":2,"idle":2,"using":0,"open":"-","pressure":"35MPA","useType":0,"status":1,"score":"5.0分"},"geometry":{"type":"Point","coordinates":[109.196855,19.810475]}},{"type":"Feature","properties":{"id":2902,"name":"中石化海南儋州宏浦油氢合建能源站","price":null,"guns":1,"idle":1,"using":0,"open":"-","pressure":"35MPA","useType":1,"status":1,"score":"5.0分"},"geometry":{"type":"Point","coordinates":[109.209686,19.740194]}},{"type":"Feature","properties":{"id":2905,"name":"中国石化琼海银丰加油加氢站","price":80,"guns":2,"idle":2,"using":0,"open":"-","pressure":"35MPA","useType":1,"status":1,"score":"5.0分"},"geometry":{"type":"Point","coordinates":[110.588163,19.185221]}},{"type":"Feature","properties":{"id":3108,"name":"隆盛达综合能源站","price":null,"guns":2,"idle":2,"using":0,"open":"-","pressure":"35MPA","useType":0,"status":1,"score":"5.0分"},"geometry":{"type":"Point","coordinates":[87.400502,43.919864]}},{"type":"Feature","properties":{"id":2906,"name":"三亚东线加氢站","price":null,"guns":1,"idle":1,"using":0,"open":"-","pressure":"35MPA","useType":1,"status":1,"score":"5.0分"},"geometry":{"type":"Point","coordinates":[109.61739,18.310094]}},{"type":"Feature","properties":{"id":3103,"name":"深能库尔勒绿氢制储加用一体站","price":null,"guns":1,"idle":1,"using":0,"open":"-","pressure":"35MPA","useType":0,"status":1,"score":"5.0分"},"geometry":{"type":"Point","coordinates":[86.263237,41.66813]}},{"type":"Feature","properties":{"id":3389,"name":"中石油新疆销售有限公司克拉玛依销售白碱滩综合能源站","price":25,"guns":2,"idle":2,"using":0,"open":"00:00-23:59","pressure":"35MPA","useType":1,"status":1,"score":"5.0分"},"geometry":{"type":"Point","coordinates":[85.163022,45.698523]}},{"type":"Feature","properties":{"id":3109,"name":"兆联清通制加氢一体站","price":null,"guns":2,"idle":2,"using":0,"open":"-","pressure":"35MPA","useType":0,"status":1,"score":"5.0分"},"geometry":{"type":"Point","coordinates":[81.309699,43.968352]}},{"type":"Feature","properties":{"id":2891,"name":"来宾加氢站","price":null,"guns":1,"idle":1,"using":0,"open":"-","pressure":"35MPA","useType":0,"status":1,"score":"5.0分"},"geometry":{"type":"Point","coordinates":[23.678883,109.242033]}},{"type":"Feature","properties":{"id":2897,"name":"中石化贵阳综保二号加能站","price":60,"guns":2,"idle":2,"using":0,"open":"-","pressure":"35MPA","useType":1,"status":1,"score":"5.0分"},"geometry":{"type":"Point","coordinates":[26.691834,106.725806]}}]}